Datum,M,L,C,KD,S,V,MP,SD,FI
2014-09-15,23.3,5.9,5.8,4.6,30.4,6.5,8.2,11.4,2.9
2014-09-16,23.3,5.9,5.8,4.6,30.3,6.5,8.2,11.4,2.9
2014-09-17,23.4,5.9,5.8,4.6,30.3,6.5,8.2,11.4,2.9
2014-09-18,23.4,5.9,5.8,4.6,30.2,6.5,8.2,11.5,2.9
2014-09-19,23.4,5.9,5.8,4.6,30.2,6.5,8.2,11.5,2.9
2014-09-20,23.5,5.9,5.9,4.6,30.2,6.5,8.2,11.5,2.9
2014-09-21,23.5,5.9,5.9,4.6,30.2,6.5,8.1,11.6,2.9
2014-09-22,23.5,5.8,5.9,4.5,30.1,6.5,8.1,11.6,2.9
2014-09-23,23.6,5.8,5.9,4.5,30.1,6.5,8.1,11.6,2.9
2014-09-24,23.6,5.8,5.9,4.5,30.1,6.5,8.1,11.7,2.9
2014-09-25,23.7,5.8,5.9,4.5,30.1,6.4,8.1,11.7,2.9
2014-09-26,23.7,5.8,6,4.5,30,6.4,8,11.7,2.9
2014-09-27,23.8,5.8,6,4.5,30,6.4,8,11.8,2.9
2014-09-28,23.8,5.8,6,4.4,30,6.4,8,11.8,2.9
2014-09-29,23.8,5.8,6,4.4,30,6.4,8,11.8,2.9
2014-09-30,23.9,5.8,6,4.4,29.9,6.4,8,11.8,2.9
2014-10-01,23.9,5.8,6.1,4.4,29.9,6.4,7.9,11.9,2.9
2014-10-02,24,5.8,6.1,4.4,29.9,6.3,7.9,11.9,2.9
2014-10-03,24,5.8,6.1,4.3,29.9,6.3,7.9,11.9,2.9
2014-10-04,24.1,5.8,6.2,4.3,29.8,6.3,7.8,12,2.9
2014-10-05,24.1,5.8,6.2,4.3,29.8,6.3,7.8,12,2.9
2014-10-06,24.2,5.7,6.2,4.3,29.8,6.3,7.8,12.1,2.9
2014-10-07,24.2,5.7,6.1,4.3,29.8,6.3,7.8,12.2,2.8
2014-10-08,24.3,5.7,6.1,4.2,29.8,6.3,7.7,12.3,2.8
2014-10-09,24.4,5.6,6.1,4.2,29.8,6.2,7.6,12.4,2.8
2014-10-10,24.5,5.6,6.1,4.2,29.8,6.2,7.6,12.6,2.8
2014-10-11,24.6,5.6,6.1,4.1,29.7,6.2,7.5,12.7,2.7
2014-10-12,24.6,5.5,6.1,4.1,29.7,6.2,7.5,12.8,2.7
2014-10-13,24.6,5.5,6.1,4.1,29.7,6.2,7.5,12.8,2.7
2014-10-14,24.6,5.5,6.1,4.1,29.7,6.2,7.5,12.8,2.7
2014-10-15,24.7,5.5,6.1,4.1,29.7,6.2,7.5,12.8,2.7
2014-10-16,24.7,5.5,6.1,4.1,29.7,6.2,7.5,12.8,2.7
2014-10-17,24.7,5.5,6.1,4.1,29.6,6.2,7.5,12.9,2.7
2014-10-18,24.7,5.5,6.1,4.1,29.6,6.2,7.5,12.9,2.7
2014-10-19,24.7,5.5,6.1,4,29.6,6.2,7.5,12.9,2.7
2014-10-20,24.7,5.5,6.1,4,29.6,6.2,7.5,12.9,2.6
2014-10-21,24.8,5.5,6.1,4,29.5,6.2,7.5,12.9,2.6
2014-10-22,24.8,5.5,6.1,4,29.5,6.2,7.5,12.9,2.6
2014-10-23,24.8,5.5,6.1,4,29.5,6.2,7.5,12.9,2.6
2014-10-24,24.8,5.5,6.1,4,29.5,6.2,7.5,12.9,2.6
2014-10-25,24.8,5.5,6.1,4,29.5,6.2,7.5,12.9,2.6
2014-10-26,24.8,5.4,6.2,4,29.5,6.2,7.5,12.9,2.6
2014-10-27,24.9,5.4,6.2,4,29.5,6.2,7.5,12.9,2.6
2014-10-28,24.9,5.4,6.2,4,29.4,6.2,7.5,12.9,2.6
2014-10-29,24.9,5.4,6.2,4,29.4,6.2,7.5,12.9,2.6
2014-10-30,24.9,5.4,6.2,4,29.4,6.2,7.5,12.9,2.6
2014-10-31,24.9,5.4,6.2,4,29.4,6.2,7.5,12.9,2.6
2014-11-01,25,5.4,6.2,4,29.3,6.2,7.5,12.9,2.6
2014-11-02,25,5.4,6.2,4,29.3,6.2,7.5,12.9,2.6
2014-11-03,25,5.4,6.2,4,29.3,6.2,7.5,12.9,2.5
2014-11-04,25,5.4,6.3,4,29.3,6.2,7.5,12.9,2.5
2014-11-05,25,5.4,6.3,4,29.3,6.2,7.5,13,2.5
2014-11-06,25,5.4,6.3,4,29.3,6.2,7.4,13,2.5
2014-11-07,25,5.4,6.3,4,29.4,6.2,7.4,13.1,2.4
2014-11-08,25.1,5.4,6.3,3.9,29.4,6.1,7.4,13.1,2.4
2014-11-09,25.1,5.4,6.3,3.9,29.5,6.1,7.4,13.1,2.4
2014-11-10,25.1,5.4,6.3,3.9,29.5,6.1,7.3,13.1,2.3
2014-11-11,25.1,5.4,6.3,3.9,29.6,6.1,7.3,13.1,2.3
2014-11-12,25.1,5.4,6.3,3.9,29.6,6,7.3,13.2,2.3
2014-11-13,25.1,5.4,6.3,3.9,29.7,6,7.2,13.2,2.3
2014-11-14,25.1,5.3,6.3,3.9,29.7,6,7.2,13.2,2.3
2014-11-15,25.1,5.3,6.3,3.9,29.8,6,7.2,13.2,2.2
2014-11-16,25.1,5.3,6.3,3.9,29.8,6,7.1,13.3,2.2
2014-11-17,25.2,5.3,6.3,3.9,29.8,6,7.1,13.3,2.2
2014-11-18,25.2,5.3,6.3,3.9,29.9,5.9,7.1,13.3,2.2
2014-11-19,25.2,5.3,6.3,3.9,29.9,5.9,7.1,13.3,2.2
2014-11-20,25.2,5.3,6.3,3.9,29.9,5.9,7,13.4,2.2
2014-11-21,25.2,5.3,6.3,3.9,30,5.9,7,13.4,2.1
2014-11-22,25.2,5.3,6.3,3.9,30,5.9,7,13.5,2.1
2014-11-23,25.2,5.3,6.2,3.9,30.1,5.8,7,13.5,2.1
2014-11-24,25.2,5.2,6.2,3.9,30.1,5.8,6.9,13.6,2.1
2014-11-25,25.2,5.2,6.2,3.9,30.1,5.8,6.9,13.6,2.1
2014-11-26,25.2,5.2,6.2,3.9,30.2,5.8,6.9,13.7,2.1
2014-11-27,25.2,5.2,6.2,4,30.2,5.8,6.9,13.7,2.1
2014-11-28,25.2,5.2,6.2,4,30.2,5.7,6.9,13.8,2
2014-11-29,25.2,5.1,6.2,4,30.2,5.7,6.8,13.8,2
2014-11-30,25.1,5.1,6.2,4,30.3,5.7,6.8,13.9,2
2014-12-01,25.1,5.1,6.2,4,30.3,5.7,6.8,13.9,2
2014-12-02,25.1,5.1,6.2,4,30.3,5.7,6.8,13.9,2
2014-12-03,25.1,5.1,6.2,4,30.4,5.7,6.8,14,2
2014-12-04,25.1,5.1,6.1,4,30.4,5.6,6.8,14,2
2014-12-05,25,5,6.1,4,30.5,5.6,6.8,14,2
2014-12-06,25,5,6.1,4,30.5,5.6,6.8,14,2
2014-12-07,25,5,6.1,4,30.6,5.6,6.7,14,2
2014-12-08,25,5,6.1,4,30.6,5.6,6.7,14.1,2
2014-12-09,25,5,6.1,4,30.7,5.6,6.7,14.1,2.1
2014-12-10,25,5,6.1,4,30.7,5.6,6.7,14.1,2.2
2014-12-11,25,4.9,6,4,30.7,5.6,6.7,14.1,2.2
2014-12-12,25,4.9,6,4,30.8,5.6,6.7,14.1,2.2
2014-12-13,24.9,4.9,6,4,30.8,5.6,6.7,14.2,2.2
2014-12-14,24.9,4.9,6,4,30.8,5.6,6.7,14.2,2.2
2014-12-15,24.9,4.9,6,4,30.9,5.6,6.6,14.2,2.1
2014-12-16,24.8,4.9,6,4,30.9,5.6,6.6,14.2,2.1
2014-12-17,24.8,4.9,6,4.1,30.9,5.6,6.6,14.2,2.1
2014-12-18,24.8,4.9,6,4.1,30.9,5.6,6.6,14.3,2.1
2014-12-19,24.8,4.9,6,4.1,31,5.6,6.6,14.3,2.1
2014-12-20,24.7,4.9,6,4.1,31,5.6,6.6,14.3,2.1
2014-12-21,24.7,4.9,6,4.1,31.1,5.6,6.6,14.4,2.1
2014-12-22,24.7,4.9,5.9,4.1,31.1,5.5,6.5,14.4,2
2014-12-23,24.7,4.9,5.9,4.1,31.2,5.5,6.5,14.4,2
2014-12-24,24.7,4.9,5.9,4.1,31.3,5.5,6.5,14.4,2
2014-12-25,24.6,4.9,5.9,4.1,31.3,5.5,6.5,14.4,2
2014-12-26,24.6,4.8,5.9,4.1,31.4,5.5,6.5,14.5,2
2014-12-27,24.5,4.8,5.9,4.1,31.5,5.5,6.4,14.5,2
2014-12-28,24.5,4.8,5.9,4.1,31.5,5.5,6.4,14.5,2
2014-12-29,24.4,4.8,5.9,4.1,31.6,5.5,6.4,14.5,2
2014-12-30,24.4,4.8,5.9,4.1,31.6,5.5,6.4,14.5,2
2014-12-31,24.4,4.8,5.9,4.1,31.6,5.6,6.4,14.5,2
2015-01-01,24.3,4.8,5.9,4.1,31.7,5.6,6.4,14.5,2
2015-01-02,24.3,4.8,5.9,4.2,31.7,5.6,6.4,14.5,2
2015-01-03,24.3,4.8,5.9,4.2,31.7,5.6,6.4,14.4,2.1
2015-01-04,24.3,4.7,5.9,4.2,31.7,5.7,6.4,14.4,2.1
2015-01-05,24.3,4.7,5.9,4.2,31.7,5.7,6.4,14.4,2.1
2015-01-06,24.2,4.7,5.9,4.2,31.6,5.7,6.4,14.4,2.1
2015-01-07,24.2,4.7,5.9,4.2,31.6,5.7,6.4,14.4,2.1
2015-01-08,24.2,4.7,5.9,4.2,31.6,5.7,6.4,14.4,2.1
2015-01-09,24.1,4.7,5.9,4.2,31.6,5.8,6.4,14.5,2.2
2015-01-10,24.1,4.7,5.9,4.2,31.6,5.8,6.4,14.5,2.2
2015-01-11,24.1,4.7,5.9,4.3,31.5,5.8,6.4,14.5,2.2
2015-01-12,24,4.7,5.9,4.3,31.5,5.8,6.4,14.5,2.2
2015-01-13,24,4.6,5.8,4.3,31.5,5.8,6.4,14.5,2.3
2015-01-14,23.9,4.6,5.8,4.3,31.5,5.8,6.4,14.6,2.3
2015-01-15,23.9,4.6,5.9,4.3,31.5,5.8,6.5,14.6,2.3
2015-01-16,23.9,4.6,5.9,4.3,31.5,5.9,6.5,14.6,2.3
2015-01-17,23.9,4.6,5.9,4.3,31.5,5.9,6.5,14.6,2.3
2015-01-18,23.9,4.6,5.9,4.3,31.4,5.9,6.5,14.5,2.3
2015-01-19,23.8,4.6,5.9,4.3,31.4,5.9,6.5,14.5,2.3
2015-01-20,23.8,4.6,5.9,4.3,31.4,6,6.5,14.5,2.3
2015-01-21,23.8,4.6,5.9,4.3,31.4,6,6.5,14.5,2.3
2015-01-22,23.8,4.6,5.9,4.3,31.4,6,6.5,14.5,2.2
2015-01-23,23.8,4.6,5.9,4.3,31.4,6,6.5,14.5,2.2
2015-01-24,23.8,4.6,6,4.3,31.4,6,6.5,14.4,2.2
2015-01-25,23.8,4.6,6,4.3,31.4,6.1,6.5,14.4,2.2
2015-01-26,23.8,4.6,6,4.3,31.4,6.1,6.5,14.4,2.2
2015-01-27,23.8,4.6,6,4.3,31.4,6.1,6.5,14.4,2.2
2015-01-28,23.8,4.6,6,4.3,31.4,6.1,6.5,14.4,2.2
2015-01-29,23.8,4.7,6,4.3,31.4,6.1,6.5,14.4,2.2
2015-01-30,23.7,4.7,6,4.3,31.3,6.1,6.5,14.4,2.2
2015-01-31,23.7,4.7,6,4.3,31.3,6.1,6.5,14.4,2.2
2015-02-01,23.8,4.7,6,4.2,31.3,6.1,6.5,14.4,2.2
2015-02-02,23.8,4.7,6,4.2,31.3,6.1,6.5,14.4,2.3
2015-02-03,23.8,4.7,6,4.2,31.3,6.1,6.5,14.4,2.3
2015-02-04,23.8,4.7,6,4.2,31.2,6.1,6.5,14.4,2.3
2015-02-05,23.7,4.7,6,4.2,31.2,6.2,6.5,14.4,2.3
2015-02-06,23.7,4.7,6,4.2,31.2,6.2,6.5,14.4,2.2
2015-02-07,23.7,4.7,6,4.2,31.1,6.2,6.5,14.4,2.2
2015-02-08,23.7,4.8,6,4.2,31.1,6.2,6.5,14.4,2.2
2015-02-09,23.7,4.8,6,4.2,31.1,6.2,6.5,14.4,2.2
2015-02-10,23.7,4.8,6,4.2,31,6.2,6.6,14.4,2.2
2015-02-11,23.8,4.8,6,4.2,31,6.2,6.6,14.4,2.2
2015-02-12,23.8,4.8,6,4.2,31,6.2,6.6,14.4,2.2
2015-02-13,23.8,4.8,6,4.2,31,6.3,6.6,14.4,2.2
2015-02-14,23.8,4.8,6,4.2,31,6.3,6.6,14.4,2.2
2015-02-15,23.8,4.8,6,4.2,30.9,6.3,6.6,14.4,2.2
2015-02-16,23.8,4.8,6,4.2,30.9,6.3,6.6,14.4,2.2
2015-02-17,23.8,4.8,6,4.2,30.9,6.3,6.6,14.4,2.2
2015-02-18,23.8,4.8,6,4.2,30.9,6.3,6.6,14.4,2.2
2015-02-19,23.8,4.8,6,4.2,30.9,6.3,6.6,14.4,2.2
2015-02-20,23.8,4.8,6,4.2,30.8,6.3,6.6,14.4,2.2
2015-02-21,23.8,4.8,6,4.2,30.8,6.2,6.6,14.4,2.2
2015-02-22,23.8,4.8,6,4.2,30.8,6.2,6.6,14.4,2.2
2015-02-23,23.9,4.8,6,4.2,30.7,6.2,6.6,14.4,2.2
2015-02-24,23.9,4.8,6,4.2,30.7,6.2,6.6,14.4,2.2
2015-02-25,23.9,4.8,6,4.2,30.6,6.2,6.7,14.5,2.2
2015-02-26,23.9,4.9,6,4.2,30.6,6.2,6.7,14.5,2.2
2015-02-27,23.9,4.9,6,4.2,30.5,6.2,6.7,14.5,2.2
2015-02-28,24,4.9,6,4.2,30.5,6.2,6.7,14.5,2.2
2015-03-01,24,4.9,6,4.1,30.4,6.2,6.7,14.5,2.2
2015-03-02,24,4.9,6,4.1,30.4,6.2,6.7,14.5,2.2
2015-03-03,24,4.9,6,4.1,30.3,6.2,6.7,14.6,2.2
2015-03-04,24.1,5,6,4.1,30.3,6.2,6.7,14.6,2.2
2015-03-05,24.1,5,6,4.1,30.2,6.2,6.7,14.6,2.2
2015-03-06,24.1,5,6,4.1,30.2,6.2,6.7,14.6,2.2
2015-03-07,24.1,5,6,4.1,30.1,6.2,6.7,14.6,2.2
2015-03-08,24.2,5,6,4.1,30.1,6.2,6.7,14.7,2.2
2015-03-09,24.2,5,6,4,30,6.2,6.7,14.7,2.2
2015-03-10,24.2,5,6,4,30,6.2,6.7,14.7,2.2
2015-03-11,24.2,5,6,4,29.9,6.3,6.7,14.7,2.2
2015-03-12,24.2,5,6,4,29.9,6.3,6.8,14.7,2.2
2015-03-13,24.3,5,6,4,29.9,6.3,6.8,14.7,2.2
2015-03-14,24.3,5,6,4,29.8,6.3,6.8,14.7,2.2
2015-03-15,24.3,5,6,4,29.8,6.3,6.8,14.7,2.2
2015-03-16,24.4,5,6,4,29.7,6.3,6.8,14.7,2.2
2015-03-17,24.4,5,6,4,29.6,6.3,6.8,14.7,2.2
2015-03-18,24.4,5.1,6,4,29.6,6.3,6.8,14.7,2.2
2015-03-19,24.4,5.1,6,4,29.5,6.3,6.8,14.8,2.2
2015-03-20,24.5,5.1,6,4,29.5,6.3,6.8,14.8,2.2
2015-03-21,24.5,5.1,6,4,29.4,6.3,6.8,14.8,2.2
2015-03-22,24.5,5.1,6,4,29.3,6.3,6.8,14.8,2.2
2015-03-23,24.6,5.1,6,4,29.3,6.3,6.8,14.8,2.2
2015-03-24,24.6,5.1,6,4,29.2,6.3,6.8,14.9,2.2
2015-03-25,24.6,5.1,6,3.9,29.1,6.3,6.8,14.9,2.2
2015-03-26,24.6,5.1,6,3.9,29.1,6.3,6.8,14.9,2.1
2015-03-27,24.7,5.1,6,3.9,29,6.3,6.8,14.9,2.1
2015-03-28,24.7,5.1,6,3.9,28.9,6.4,6.8,15,2.1
2015-03-29,24.7,5.1,6,3.9,28.8,6.4,6.9,15,2.1
2015-03-30,24.7,5.1,6,3.9,28.8,6.4,6.9,15,2.1
2015-03-31,24.7,5.1,6.1,3.9,28.7,6.4,6.9,15,2.1
2015-04-01,24.8,5.1,6.1,3.9,28.7,6.4,6.9,15,2.1
2015-04-02,24.8,5.1,6.1,3.9,28.6,6.4,6.9,15.1,2.1
2015-04-03,24.8,5.1,6.1,3.9,28.6,6.4,6.9,15.1,2.1
2015-04-04,24.8,5.1,6.1,3.9,28.5,6.4,6.9,15.1,2.1
2015-04-05,24.8,5.1,6.1,3.9,28.5,6.4,6.9,15.1,2.1
2015-04-06,24.8,5.1,6.1,3.9,28.5,6.4,6.9,15.1,2.1
2015-04-07,24.9,5.1,6.1,3.9,28.4,6.4,6.9,15.1,2.1
2015-04-08,24.9,5.1,6.1,3.9,28.4,6.4,6.9,15.1,2.1
2015-04-09,24.9,5.1,6.2,3.9,28.3,6.4,6.9,15.1,2.1
2015-04-10,24.9,5.1,6.2,3.9,28.3,6.5,7,15.1,2.1
2015-04-11,24.9,5.2,6.2,3.9,28.2,6.5,7,15.1,2.1
2015-04-12,24.9,5.2,6.2,3.9,28.1,6.5,7,15.2,2.1
2015-04-13,25,5.2,6.2,3.8,28,6.5,7,15.2,2
2015-04-14,25,5.2,6.2,3.8,28,6.5,7,15.2,2
2015-04-15,25,5.2,6.3,3.8,27.9,6.6,7,15.3,2
2015-04-16,25,5.2,6.3,3.8,27.8,6.6,7,15.3,2
2015-04-17,25.1,5.2,6.3,3.8,27.7,6.6,7,15.3,2
2015-04-18,25.1,5.2,6.3,3.8,27.7,6.6,7,15.3,2
2015-04-19,25.1,5.2,6.3,3.8,27.6,6.6,7,15.4,2
2015-04-20,25.1,5.2,6.3,3.7,27.6,6.7,7,15.4,2
2015-04-21,25.1,5.2,6.4,3.7,27.5,6.7,7,15.4,2
2015-04-22,25.1,5.2,6.4,3.7,27.5,6.7,7,15.4,2
2015-04-23,25.1,5.2,6.4,3.7,27.5,6.7,6.9,15.5,2
2015-04-24,25.1,5.2,6.4,3.7,27.5,6.7,6.9,15.5,2
2015-04-25,25.1,5.2,6.4,3.7,27.4,6.7,6.9,15.5,2
2015-04-26,25.1,5.2,6.4,3.7,27.4,6.7,6.9,15.5,2
2015-04-27,25.1,5.2,6.4,3.7,27.4,6.7,6.9,15.5,2
2015-04-28,25.1,5.2,6.5,3.7,27.4,6.7,6.9,15.6,2
2015-04-29,25.1,5.2,6.5,3.7,27.4,6.7,6.9,15.6,2
2015-04-30,25.1,5.2,6.5,3.7,27.3,6.7,6.9,15.6,2
2015-05-01,25.1,5.2,6.5,3.7,27.3,6.7,6.9,15.6,2
2015-05-02,25.1,5.2,6.5,3.7,27.3,6.7,6.9,15.6,2
2015-05-03,25.1,5.1,6.5,3.7,27.3,6.7,6.8,15.7,2
2015-05-04,25.2,5.1,6.5,3.7,27.2,6.7,6.8,15.7,2
2015-05-05,25.2,5.1,6.5,3.7,27.2,6.7,6.8,15.7,1.9
2015-05-06,25.2,5.1,6.6,3.7,27.2,6.7,6.8,15.7,1.9
2015-05-07,25.2,5.1,6.6,3.7,27.2,6.7,6.8,15.8,1.9
2015-05-08,25.2,5.1,6.6,3.7,27.1,6.6,6.8,15.8,1.9
2015-05-09,25.2,5.1,6.6,3.7,27.1,6.6,6.7,15.9,2
2015-05-10,25.2,5.1,6.6,3.7,27.1,6.6,6.7,15.9,2
2015-05-11,25.2,5.1,6.6,3.7,27.1,6.6,6.7,15.9,2
2015-05-12,25.2,5.1,6.6,3.7,27.1,6.6,6.7,16,2
2015-05-13,25.2,5.1,6.6,3.7,27.1,6.6,6.7,16,2
2015-05-14,25.2,5.1,6.6,3.7,27,6.6,6.7,16,2
2015-05-15,25.2,5.1,6.6,3.7,27,6.6,6.6,16.1,2
2015-05-16,25.2,5.1,6.7,3.7,27,6.6,6.6,16.1,2
2015-05-17,25.2,5.1,6.7,3.7,27,6.6,6.6,16.1,2
2015-05-18,25.2,5.1,6.7,3.7,27,6.6,6.6,16.1,2
2015-05-19,25.2,5.1,6.7,3.7,27,6.6,6.6,16.2,2
2015-05-20,25.2,5,6.7,3.7,27,6.6,6.6,16.2,2
2015-05-21,25.2,5,6.7,3.7,27,6.6,6.6,16.2,2
2015-05-22,25.2,5,6.7,3.7,27,6.6,6.6,16.2,2
2015-05-23,25.2,5,6.7,3.7,27.1,6.6,6.6,16.2,2
2015-05-24,25.2,5,6.7,3.7,27.1,6.6,6.6,16.2,2
2015-05-25,25.2,5,6.7,3.7,27.1,6.6,6.5,16.3,2
2015-05-26,25.2,5,6.7,3.7,27.1,6.6,6.5,16.3,2
2015-05-27,25.2,4.9,6.7,3.7,27.1,6.6,6.5,16.3,2
2015-05-28,25.2,4.9,6.8,3.7,27.1,6.6,6.5,16.3,2
2015-05-29,25.2,4.9,6.8,3.7,27.1,6.6,6.5,16.4,2
2015-05-30,25.2,4.9,6.8,3.7,27.1,6.5,6.5,16.4,2
2015-05-31,25.2,4.9,6.8,3.7,27.1,6.5,6.5,16.4,2
2015-06-01,25.1,4.9,6.8,3.7,27.1,6.5,6.5,16.5,2
2015-06-02,25.1,4.9,6.8,3.7,27.1,6.5,6.5,16.5,2
2015-06-03,25.1,4.9,6.8,3.7,27.1,6.5,6.5,16.6,2
2015-06-04,25,4.8,6.8,3.7,27.1,6.5,6.5,16.6,2
2015-06-05,25,4.8,6.8,3.7,27.1,6.5,6.5,16.7,2
2015-06-06,25,4.8,6.7,3.7,27,6.5,6.5,16.7,2
2015-06-07,24.9,4.8,6.7,3.7,27,6.5,6.5,16.8,2
2015-06-08,24.9,4.8,6.7,3.7,27,6.5,6.5,16.8,2
2015-06-09,24.9,4.8,6.7,3.7,27,6.5,6.5,16.9,2
2015-06-10,24.9,4.8,6.7,3.8,27,6.5,6.5,16.9,2.1
2015-06-11,24.9,4.7,6.7,3.8,27,6.5,6.5,17,2.1
2015-06-12,24.8,4.7,6.7,3.8,27,6.5,6.5,17,2.1
2015-06-13,24.8,4.7,6.7,3.8,27,6.5,6.5,17,2.1
2015-06-14,24.8,4.7,6.7,3.8,27,6.5,6.5,17.1,2.1
2015-06-15,24.8,4.7,6.7,3.8,27,6.5,6.5,17.1,2.1
2015-06-16,24.7,4.6,6.7,3.8,27,6.5,6.5,17.2,2.1
2015-06-17,24.7,4.6,6.7,3.8,27,6.5,6.5,17.2,2.1
2015-06-18,24.7,4.6,6.7,3.8,27,6.5,6.5,17.3,2.1
2015-06-19,24.6,4.6,6.7,3.8,27,6.5,6.6,17.3,2.1
2015-06-20,24.6,4.6,6.7,3.8,27,6.5,6.6,17.4,2.2
2015-06-21,24.5,4.5,6.7,3.8,27,6.5,6.6,17.4,2.2
2015-06-22,24.5,4.5,6.7,3.8,27,6.5,6.6,17.4,2.2
2015-06-23,24.4,4.5,6.7,3.8,26.9,6.5,6.6,17.5,2.2
2015-06-24,24.3,4.5,6.6,3.8,26.9,6.5,6.7,17.5,2.2
2015-06-25,24.2,4.5,6.6,3.8,26.9,6.5,6.7,17.6,2.2
2015-06-26,24.2,4.5,6.6,3.9,26.9,6.5,6.7,17.6,2.2
2015-06-27,24.1,4.5,6.6,3.9,26.9,6.6,6.8,17.7,2.2
2015-06-28,24,4.5,6.5,3.9,26.9,6.6,6.8,17.7,2.2
2015-06-29,23.9,4.5,6.5,3.9,26.8,6.6,6.9,17.8,2.2
2015-06-30,23.9,4.5,6.5,3.9,26.8,6.7,6.9,17.8,2.2
2015-07-01,23.8,4.5,6.5,4,26.7,6.7,6.9,17.9,2.2
2015-07-02,23.6,4.5,6.5,4,26.7,6.7,7,18,2.2
2015-07-03,23.5,4.5,6.5,4,26.6,6.7,7,18,2.2
2015-07-04,23.4,4.5,6.5,4.1,26.6,6.7,7.1,18.1,2.2
2015-07-05,23.7,4.6,6.7,3.9,26.5,6.8,6.9,18,2.2
2015-07-06,23.8,4.7,6.7,3.8,26.5,6.8,6.8,18,2.2
2015-07-07,23.8,4.8,6.7,3.7,26.4,6.8,6.8,17.9,2.2
2015-07-08,23.9,4.8,6.8,3.7,26.4,6.8,6.8,17.9,2.1
2015-07-09,23.9,4.8,6.8,3.7,26.4,6.8,6.7,17.9,2.1
2015-07-10,23.9,4.8,6.8,3.6,26.4,6.8,6.7,17.9,2.1
2015-07-11,23.9,4.9,6.8,3.6,26.4,6.8,6.8,17.9,2.1
2015-07-12,23.9,4.8,6.8,3.6,26.4,6.8,6.8,17.9,2.1
2015-07-13,23.9,4.8,6.7,3.7,26.5,6.7,6.8,18,2.1
2015-07-14,23.8,4.7,6.7,3.7,26.6,6.7,6.8,18,2.1
2015-07-15,23.7,4.7,6.8,3.7,26.6,6.7,6.8,18,2.1
2015-07-16,23.7,4.7,6.8,3.7,26.6,6.7,6.8,18.1,2.1
2015-07-17,23.7,4.7,6.7,3.7,26.6,6.7,6.8,18.2,2.1
2015-07-18,23.6,4.7,6.7,3.7,26.5,6.7,6.8,18.2,2.1
2015-07-19,23.6,4.7,6.7,3.7,26.5,6.7,6.8,18.3,2.1
2015-07-20,23.5,4.7,6.7,3.7,26.4,6.7,6.8,18.4,2.1
2015-07-21,23.5,4.7,6.7,3.8,26.3,6.8,6.9,18.5,2.1
2015-07-22,23.4,4.7,6.7,3.8,26.2,6.8,6.9,18.6,2.1
2015-07-23,23.4,4.8,6.7,3.8,26.1,6.8,6.9,18.7,2.1
2015-07-24,23.3,4.8,6.7,3.8,25.9,6.8,6.9,18.9,2.1
2015-07-25,23.2,4.9,6.7,3.8,25.7,6.9,6.9,19,2.1
2015-07-26,23.2,4.9,6.7,3.8,25.8,6.9,6.9,19,2.1
2015-07-27,23.2,4.9,6.7,3.7,25.8,6.9,6.9,19,2.1
2015-07-28,23.2,4.9,6.7,3.7,25.8,6.9,6.9,19,2.1
2015-07-29,23.2,4.9,6.7,3.7,25.8,6.9,6.9,19,2.1
2015-07-30,23.2,4.9,6.8,3.7,25.8,6.9,6.9,19,2
2015-07-31,23.2,4.9,6.8,3.7,25.8,6.9,6.9,19,2
2015-08-01,23.2,4.9,6.8,3.7,25.8,6.9,6.9,19,2
2015-08-02,23.2,4.9,6.8,3.6,25.8,6.9,6.9,19,2
2015-08-03,23.3,4.9,6.8,3.6,25.8,6.9,6.9,19,2
2015-08-04,23.3,4.9,6.8,3.6,25.8,6.9,7,18.9,2
2015-08-05,23.3,4.9,6.8,3.5,25.7,7,7,18.8,1.9
2015-08-06,23.4,4.9,6.9,3.5,25.7,7.1,7.1,18.7,1.9
2015-08-07,23.4,4.9,6.9,3.5,25.7,7.1,7,18.7,1.9
2015-08-08,23.4,4.9,6.9,3.5,25.7,7.1,7,18.8,1.9
2015-08-09,23.4,4.9,6.9,3.5,25.7,7,6.9,18.8,1.9
2015-08-10,23.4,4.9,6.9,3.5,25.8,7,6.9,18.9,1.9
2015-08-11,23.4,4.9,6.8,3.5,25.8,7,6.8,19,1.9
2015-08-12,23.3,4.9,6.8,3.5,25.8,6.9,6.8,19,1.9
2015-08-13,23.3,5,6.8,3.5,25.8,6.9,6.8,19.1,1.9
2015-08-14,23.3,5,6.8,3.5,25.9,6.9,6.8,19.1,1.9
2015-08-15,23.3,5,6.8,3.5,25.9,6.9,6.7,19.2,1.9
2015-08-16,23.2,5,6.8,3.5,25.9,6.8,6.7,19.2,1.9
2015-08-17,23.2,5,6.8,3.5,25.9,6.8,6.7,19.2,1.9
2015-08-18,23.2,5,6.9,3.5,25.9,6.8,6.7,19.3,2
2015-08-19,23.1,5,6.9,3.5,26,6.8,6.7,19.3,2
2015-08-20,23.1,5,6.9,3.5,26,6.8,6.6,19.3,2
2015-08-21,23.1,5,6.9,3.5,26,6.8,6.6,19.4,2
2015-08-22,23,5,6.9,3.5,26,6.7,6.6,19.4,2
2015-08-23,23,5,6.9,3.5,26,6.7,6.6,19.4,2
2015-08-24,23,5,6.9,3.5,26,6.7,6.6,19.4,2
2015-08-25,23,5,6.9,3.5,26,6.7,6.6,19.4,2
2015-08-26,22.9,5,6.9,3.5,26.1,6.7,6.6,19.5,2
2015-08-27,22.9,5,6.9,3.5,26.1,6.7,6.6,19.5,2
2015-08-28,22.9,5,6.9,3.4,26.1,6.7,6.5,19.5,2
2015-08-29,22.9,5,7,3.4,26.1,6.7,6.5,19.5,2
2015-08-30,22.8,5,7,3.4,26.1,6.7,6.5,19.5,2
2015-08-31,22.8,5,7,3.4,26.1,6.7,6.5,19.5,2
2015-09-01,22.8,5,7,3.5,26.1,6.7,6.5,19.6,2
2015-09-02,22.8,5,7,3.5,26.1,6.7,6.5,19.6,2.1
2015-09-03,22.8,5,7,3.4,26.1,6.7,6.5,19.6,2.1
2015-09-04,22.8,5,7,3.4,26.1,6.7,6.5,19.6,2.1
2015-09-05,22.8,5,7,3.4,26.1,6.7,6.5,19.6,2.1
2015-09-06,22.8,5,7,3.4,26.1,6.7,6.5,19.6,2.1
2015-09-07,22.8,5,7,3.4,26.1,6.7,6.5,19.5,2.2
2015-09-08,22.8,5,7.1,3.4,26,6.7,6.5,19.5,2.2
2015-09-09,22.8,5,7.1,3.4,26,6.7,6.5,19.5,2.3
2015-09-10,22.8,5,7.1,3.5,26,6.7,6.4,19.5,2.3
2015-09-11,22.8,5,7.1,3.5,26,6.7,6.4,19.5,2.3
2015-09-12,22.8,5,7.1,3.5,26,6.7,6.4,19.5,2.3
2015-09-13,22.8,5,7.1,3.5,26,6.7,6.4,19.5,2.3
2015-09-14,22.8,5,7.1,3.5,26,6.7,6.4,19.5,2.4
2015-09-15,22.8,5.1,7.1,3.5,26,6.6,6.4,19.5,2.4
2015-09-16,22.7,5.1,7.1,3.5,26,6.6,6.4,19.5,2.4
2015-09-17,22.7,5.1,7.1,3.5,26.1,6.6,6.4,19.6,2.4
2015-09-18,22.7,5.1,7.1,3.5,26.1,6.6,6.4,19.6,2.4
2015-09-19,22.7,5.1,7.2,3.5,26.1,6.6,6.4,19.6,2.4
2015-09-20,22.7,5.1,7.2,3.5,26.1,6.6,6.4,19.6,2.4
2015-09-21,22.6,5.1,7.2,3.5,26.1,6.6,6.4,19.6,2.5
2015-09-22,22.6,5.1,7.2,3.6,26.1,6.5,6.4,19.6,2.5
2015-09-23,22.6,5.1,7.2,3.6,26.1,6.5,6.4,19.6,2.5
2015-09-24,22.6,5.1,7.2,3.6,26.1,6.5,6.4,19.6,2.5
2015-09-25,22.6,5.1,7.2,3.6,26.1,6.5,6.4,19.5,2.5
2015-09-26,22.6,5.1,7.2,3.6,26.1,6.5,6.4,19.5,2.5
2015-09-27,22.6,5.1,7.3,3.6,26.1,6.5,6.4,19.5,2.5
2015-09-28,22.6,5.1,7.3,3.6,26.1,6.5,6.4,19.5,2.5
2015-09-29,22.5,5.1,7.3,3.6,26.1,6.5,6.4,19.5,2.5
2015-09-30,22.5,5.1,7.3,3.6,26.1,6.5,6.4,19.5,2.5
2015-10-01,22.5,5.1,7.3,3.6,26.1,6.5,6.4,19.5,2.5
2015-10-02,22.5,5.1,7.3,3.6,26.1,6.5,6.4,19.5,2.5
2015-10-03,22.5,5.1,7.3,3.6,26.1,6.5,6.4,19.5,2.5
2015-10-04,22.5,5.1,7.3,3.6,26.1,6.5,6.4,19.5,2.5
2015-10-05,22.5,5.1,7.3,3.6,26,6.5,6.5,19.5,2.5
2015-10-06,22.5,5.1,7.3,3.6,26,6.5,6.5,19.5,2.5
2015-10-07,22.5,5.1,7.3,3.6,26,6.5,6.5,19.5,2.5
2015-10-08,22.5,5.1,7.3,3.6,26,6.5,6.5,19.5,2.5
2015-10-09,22.5,5.1,7.3,3.7,25.9,6.5,6.5,19.5,2.5
2015-10-10,22.5,5.1,7.3,3.7,25.9,6.5,6.5,19.5,2.5
2015-10-11,22.5,5.2,7.3,3.7,25.9,6.5,6.5,19.5,2.5
2015-10-12,22.6,5.2,7.3,3.7,25.9,6.5,6.5,19.5,2.5
2015-10-13,22.6,5.2,7.3,3.7,25.9,6.5,6.4,19.5,2.5
2015-10-14,22.6,5.2,7.3,3.6,25.9,6.5,6.4,19.5,2.5
2015-10-15,22.6,5.2,7.3,3.7,25.9,6.5,6.4,19.5,2.5
2015-10-16,22.6,5.2,7.3,3.7,25.8,6.5,6.4,19.5,2.5
2015-10-17,22.6,5.2,7.3,3.7,25.8,6.5,6.4,19.5,2.5
2015-10-18,22.7,5.2,7.3,3.7,25.8,6.5,6.4,19.5,2.5
2015-10-19,22.7,5.3,7.3,3.7,25.8,6.5,6.4,19.6,2.5
2015-10-20,22.7,5.3,7.2,3.7,25.8,6.4,6.4,19.6,2.5
2015-10-21,22.7,5.3,7.2,3.7,25.8,6.4,6.4,19.6,2.5
2015-10-22,22.7,5.3,7.2,3.7,25.8,6.4,6.4,19.6,2.4
2015-10-23,22.7,5.3,7.2,3.7,25.8,6.4,6.4,19.6,2.4
2015-10-24,22.7,5.3,7.2,3.7,25.8,6.4,6.4,19.6,2.4
2015-10-25,22.7,5.3,7.2,3.7,25.8,6.4,6.4,19.7,2.4
2015-10-26,22.7,5.3,7.2,3.7,25.8,6.4,6.4,19.7,2.4
2015-10-27,22.6,5.3,7.2,3.7,25.8,6.3,6.4,19.7,2.3
2015-10-28,22.6,5.4,7.2,3.7,25.7,6.3,6.4,19.8,2.3
2015-10-29,22.6,5.4,7.2,3.7,25.7,6.3,6.4,19.8,2.3
2015-10-30,22.6,5.4,7.2,3.7,25.7,6.3,6.4,19.8,2.3
2015-10-31,22.6,5.4,7.1,3.8,25.7,6.3,6.4,19.8,2.3
2015-11-01,22.6,5.4,7.1,3.8,25.7,6.3,6.4,19.8,2.3
2015-11-02,22.6,5.4,7.1,3.8,25.7,6.3,6.4,19.9,2.3
2015-11-03,22.6,5.5,7.1,3.8,25.7,6.3,6.4,19.9,2.2
2015-11-04,22.5,5.5,7.1,3.8,25.7,6.3,6.3,19.9,2.2
2015-11-05,22.5,5.5,7.1,3.8,25.7,6.3,6.3,19.9,2.2
2015-11-06,22.5,5.5,7.1,3.8,25.7,6.3,6.3,20,2.2
2015-11-07,22.5,5.5,7.1,3.8,25.7,6.3,6.3,20,2.2
2015-11-08,22.5,5.5,7.1,3.8,25.6,6.3,6.3,20,2.2
2015-11-09,22.5,5.5,7.1,3.8,25.6,6.4,6.3,20.1,2.2
2015-11-10,22.5,5.5,7.1,3.8,25.6,6.4,6.3,20.1,2.1
2015-11-11,22.5,5.5,7.1,3.8,25.6,6.4,6.3,20.1,2.1
2015-11-12,22.5,5.5,7.1,3.7,25.5,6.4,6.3,20.1,2.1
2015-11-13,22.5,5.5,7.1,3.7,25.5,6.4,6.2,20.2,2.1
2015-11-14,22.5,5.5,7.1,3.7,25.5,6.4,6.2,20.2,2.1
2015-11-15,22.5,5.5,7.1,3.7,25.5,6.5,6.2,20.2,2.1
2015-11-16,22.5,5.6,7.1,3.7,25.4,6.5,6.2,20.2,2
2015-11-17,22.5,5.6,7.1,3.7,25.4,6.5,6.2,20.3,2
2015-11-18,22.5,5.6,7.1,3.6,25.4,6.5,6.2,20.3,2
2015-11-19,22.5,5.6,7.1,3.6,25.3,6.5,6.2,20.3,2
2015-11-20,22.5,5.6,7.1,3.6,25.3,6.5,6.2,20.3,1.9
2015-11-21,22.5,5.6,7.1,3.6,25.3,6.6,6.1,20.3,1.9
2015-11-22,22.5,5.6,7.1,3.6,25.2,6.6,6.1,20.4,1.9
2015-11-23,22.6,5.6,7.1,3.6,25.2,6.6,6.1,20.4,2
2015-11-24,22.6,5.7,7.1,3.6,25.2,6.6,6.1,20.4,2
2015-11-25,22.6,5.7,7.1,3.6,25.2,6.6,6.1,20.4,2
2015-11-26,22.6,5.7,7.1,3.5,25.1,6.7,6.1,20.4,2
2015-11-27,22.6,5.7,7.1,3.5,25.1,6.7,6,20.4,2
2015-11-28,22.6,5.7,7.1,3.5,25.1,6.7,6,20.4,2
2015-11-29,22.6,5.7,7.2,3.5,25.1,6.8,6,20.4,2
2015-11-30,22.6,5.7,7.2,3.5,25,6.8,6,20.4,2
2015-12-01,22.6,5.7,7.2,3.5,25,6.8,6,20.4,2.1
2015-12-02,22.6,5.7,7.2,3.5,25,6.8,5.9,20.4,2.1
2015-12-03,22.6,5.7,7.2,3.4,25,6.9,5.9,20.4,2.1
2015-12-04,22.6,5.8,7.2,3.4,24.9,6.9,5.9,20.4,2.1
2015-12-05,22.6,5.8,7.2,3.4,24.9,7,5.9,20.4,2.1
2015-12-06,22.6,5.8,7.2,3.4,24.9,7,5.9,20.4,2.1
2015-12-07,22.6,5.8,7.2,3.4,24.9,6.9,5.9,20.4,2.1
2015-12-08,22.6,5.8,7.2,3.4,24.9,6.9,5.9,20.3,2.1
2015-12-09,22.7,5.8,7.2,3.4,25,6.9,5.8,20.3,2.1
2015-12-10,22.7,5.8,7.2,3.4,25,6.9,5.8,20.3,2.1
2015-12-11,22.7,5.7,7.2,3.4,25,6.8,5.8,20.3,2.1
2015-12-12,22.7,5.7,7.2,3.4,25.1,6.8,5.8,20.3,2.1
2015-12-13,22.8,5.7,7.2,3.4,25.1,6.8,5.8,20.3,2.1
2015-12-14,22.8,5.7,7.2,3.4,25.1,6.8,5.8,20.3,2.1
2015-12-15,22.8,5.7,7.2,3.4,25,6.9,5.8,20.3,2.1
2015-12-16,22.8,5.7,7.2,3.4,25,6.9,5.8,20.3,2.1
2015-12-17,22.8,5.7,7.2,3.4,24.9,6.9,5.8,20.3,2.1
2015-12-18,22.8,5.7,7.2,3.4,24.9,6.9,5.8,20.4,2.1
2015-12-19,22.8,5.7,7.3,3.4,24.8,7,5.8,20.4,2.1
2015-12-20,22.8,5.7,7.3,3.4,24.8,7,5.8,20.4,2.1
2015-12-21,22.9,5.8,7.3,3.4,24.8,7,5.7,20.4,2.1
2015-12-22,22.9,5.8,7.3,3.4,24.7,7,5.7,20.4,2.1
2015-12-23,22.9,5.8,7.3,3.4,24.7,7.1,5.7,20.4,2.1
2015-12-24,23,5.8,7.3,3.4,24.7,7.1,5.7,20.3,2.1
2015-12-25,23,5.8,7.3,3.4,24.6,7.1,5.7,20.3,2.1
2015-12-26,23,5.8,7.3,3.4,24.6,7.1,5.7,20.3,2.1
2015-12-27,23.1,5.7,7.3,3.4,24.6,7.1,5.7,20.3,2.1
2015-12-28,23.2,5.7,7.3,3.4,24.6,7.1,5.7,20.3,2.1
2015-12-29,23.2,5.7,7.3,3.4,24.5,7.1,5.7,20.2,2.1
2015-12-30,23.3,5.7,7.3,3.4,24.5,7.1,5.7,20.2,2.1
2015-12-31,23.4,5.7,7.3,3.4,24.5,7.1,5.7,20.2,2.1
2016-01-01,23.4,5.7,7.2,3.4,24.4,7.1,5.7,20.2,2.1
2016-01-02,23.5,5.7,7.2,3.4,24.4,7.1,5.7,20.2,2.1
2016-01-03,23.5,5.7,7.2,3.4,24.4,7.1,5.7,20.1,2.1
2016-01-04,23.6,5.7,7.2,3.4,24.4,7.1,5.7,20.1,2.1
2016-01-05,23.6,5.7,7.2,3.4,24.4,7.1,5.7,20,2.1
2016-01-06,23.7,5.7,7.2,3.4,24.4,7.1,5.7,20,2.1
2016-01-07,23.7,5.7,7.2,3.4,24.4,7.1,5.7,20,2.1
2016-01-08,23.7,5.7,7.2,3.4,24.4,7.1,5.7,19.9,2.1
2016-01-09,23.8,5.7,7.2,3.4,24.4,7.1,5.7,19.9,2.1
2016-01-10,23.8,5.7,7.2,3.4,24.4,7.1,5.7,19.9,2.1
2016-01-11,23.8,5.7,7.2,3.4,24.4,7.1,5.7,19.9,2.1
2016-01-12,23.8,5.7,7.3,3.4,24.4,7.1,5.7,19.8,2.1
2016-01-13,23.9,5.7,7.3,3.4,24.4,7.1,5.7,19.8,2.1
2016-01-14,23.9,5.7,7.3,3.4,24.5,7.1,5.7,19.7,2.1
2016-01-15,23.9,5.7,7.3,3.4,24.5,7.1,5.6,19.7,2.1
2016-01-16,24,5.7,7.3,3.4,24.4,7.1,5.6,19.7,2.1
2016-01-17,24,5.7,7.2,3.4,24.4,7.1,5.6,19.7,2.1
2016-01-18,24,5.7,7.2,3.4,24.4,7,5.6,19.7,2.1
2016-01-19,24.1,5.7,7.2,3.4,24.5,7,5.6,19.7,2.1
2016-01-20,24.1,5.7,7.2,3.4,24.5,7,5.6,19.7,2.1
2016-01-21,24.1,5.7,7.1,3.5,24.5,7,5.6,19.7,2.1
2016-01-22,24.1,5.7,7.1,3.5,24.5,7,5.6,19.6,2.1
2016-01-23,24.2,5.7,7.1,3.5,24.5,7,5.6,19.6,2.1
2016-01-24,24.2,5.7,7.1,3.5,24.5,7,5.6,19.6,2
2016-01-25,24.2,5.7,7,3.5,24.5,7,5.6,19.6,2
2016-01-26,24.2,5.7,7,3.5,24.5,7,5.6,19.6,2
2016-01-27,24.3,5.7,7,3.5,24.5,7,5.6,19.6,2
2016-01-28,24.3,5.7,6.9,3.5,24.5,7,5.6,19.6,2
2016-01-29,24.3,5.7,6.9,3.5,24.6,7,5.6,19.5,2
2016-01-30,24.3,5.7,6.9,3.5,24.6,7.1,5.7,19.5,2
2016-01-31,24.3,5.7,6.9,3.5,24.6,7.1,5.7,19.5,2
2016-02-01,24.3,5.6,6.8,3.5,24.6,7.1,5.7,19.5,2
2016-02-02,24.3,5.6,6.8,3.5,24.7,7.1,5.7,19.5,2
2016-02-03,24.4,5.6,6.8,3.5,24.7,7.1,5.7,19.5,2
2016-02-04,24.4,5.6,6.8,3.5,24.7,7.1,5.7,19.4,2
2016-02-05,24.4,5.6,6.7,3.6,24.7,7.1,5.7,19.4,2
2016-02-06,24.4,5.6,6.7,3.6,24.7,7.1,5.7,19.4,2
2016-02-07,24.5,5.6,6.7,3.6,24.7,7.2,5.7,19.4,2
2016-02-08,24.5,5.5,6.7,3.6,24.7,7.2,5.7,19.4,2
2016-02-09,24.5,5.5,6.6,3.6,24.7,7.2,5.7,19.4,2
2016-02-10,24.5,5.5,6.6,3.6,24.7,7.2,5.7,19.3,2
2016-02-11,24.6,5.5,6.6,3.6,24.7,7.2,5.7,19.3,2
2016-02-12,24.6,5.5,6.6,3.6,24.7,7.2,5.7,19.3,2
2016-02-13,24.6,5.5,6.6,3.6,24.8,7.2,5.7,19.2,2
2016-02-14,24.6,5.5,6.5,3.6,24.8,7.2,5.7,19.2,2
2016-02-15,24.7,5.5,6.5,3.6,24.8,7.2,5.7,19.2,2
2016-02-16,24.7,5.5,6.5,3.6,24.9,7.2,5.7,19.1,2
2016-02-17,24.7,5.4,6.5,3.6,24.9,7.2,5.7,19.1,2
2016-02-18,24.7,5.4,6.5,3.6,25,7.2,5.7,19,2
2016-02-19,24.7,5.4,6.5,3.6,25,7.2,5.7,19,2
2016-02-20,24.8,5.4,6.4,3.6,25.1,7.2,5.7,19,2
2016-02-21,24.8,5.4,6.4,3.6,25.1,7.2,5.7,18.9,2
2016-02-22,24.8,5.4,6.4,3.6,25.2,7.2,5.7,18.9,2
2016-02-23,24.8,5.4,6.4,3.6,25.2,7.2,5.7,18.9,2
2016-02-24,24.7,5.3,6.4,3.6,25.2,7.2,5.7,18.9,2
2016-02-25,24.7,5.3,6.4,3.6,25.3,7.2,5.7,18.9,2
2016-02-26,24.7,5.3,6.4,3.6,25.3,7.2,5.7,18.9,2
2016-02-27,24.7,5.3,6.4,3.6,25.4,7.2,5.7,18.8,2
2016-02-28,24.7,5.3,6.3,3.6,25.5,7.2,5.7,18.8,2
2016-02-29,24.7,5.3,6.3,3.6,25.5,7.3,5.7,18.8,2
2016-03-01,24.7,5.3,6.3,3.6,25.5,7.3,5.7,18.8,2
2016-03-02,24.7,5.3,6.3,3.6,25.6,7.3,5.7,18.7,2
2016-03-03,24.7,5.3,6.3,3.6,25.6,7.3,5.7,18.7,2
2016-03-04,24.7,5.3,6.3,3.6,25.6,7.3,5.7,18.7,2
2016-03-05,24.8,5.3,6.3,3.6,25.6,7.3,5.7,18.7,2
2016-03-06,24.8,5.3,6.3,3.6,25.7,7.3,5.7,18.6,2
2016-03-07,24.8,5.3,6.3,3.6,25.7,7.3,5.7,18.6,1.9
2016-03-08,24.8,5.3,6.3,3.6,25.7,7.3,5.6,18.6,1.9
2016-03-09,24.8,5.3,6.3,3.6,25.7,7.3,5.6,18.5,1.9
2016-03-10,24.8,5.3,6.3,3.6,25.7,7.3,5.6,18.5,1.9
2016-03-11,24.8,5.3,6.3,3.6,25.8,7.3,5.6,18.5,1.9
2016-03-12,24.8,5.3,6.3,3.6,25.8,7.3,5.6,18.5,1.9
2016-03-13,24.8,5.3,6.3,3.5,25.8,7.4,5.6,18.5,1.9
2016-03-14,24.8,5.3,6.3,3.5,25.8,7.4,5.6,18.5,1.9
2016-03-15,24.8,5.3,6.3,3.5,25.9,7.4,5.6,18.4,1.9
2016-03-16,24.8,5.3,6.3,3.5,25.9,7.4,5.6,18.4,1.9
2016-03-17,24.8,5.3,6.3,3.5,25.9,7.4,5.6,18.4,1.9
2016-03-18,24.8,5.3,6.3,3.5,25.9,7.4,5.6,18.4,1.9
2016-03-19,24.9,5.3,6.3,3.5,25.9,7.4,5.6,18.4,1.9
2016-03-20,24.9,5.3,6.3,3.5,25.9,7.4,5.6,18.4,1.9
2016-03-21,24.9,5.3,6.3,3.5,25.9,7.4,5.6,18.4,1.9
2016-03-22,24.9,5.3,6.3,3.5,26,7.4,5.6,18.4,1.9
2016-03-23,24.9,5.3,6.3,3.5,26,7.4,5.6,18.3,1.9
2016-03-24,25,5.3,6.4,3.5,25.9,7.4,5.5,18.3,1.9
2016-03-25,25,5.3,6.4,3.4,25.9,7.4,5.5,18.3,1.9
2016-03-26,25,5.3,6.4,3.4,25.9,7.4,5.5,18.3,1.9
2016-03-27,25.1,5.3,6.4,3.4,25.9,7.4,5.5,18.2,1.9
2016-03-28,25.1,5.3,6.4,3.4,25.9,7.4,5.5,18.2,1.9
2016-03-29,25.1,5.3,6.4,3.4,25.9,7.4,5.4,18.2,1.9
2016-03-30,25.1,5.3,6.4,3.4,25.9,7.4,5.4,18.2,1.9
2016-03-31,25.2,5.3,6.4,3.5,25.9,7.4,5.4,18.1,2
2016-04-01,25.2,5.3,6.4,3.5,25.9,7.4,5.4,18.1,2
2016-04-02,25.2,5.3,6.4,3.4,25.9,7.4,5.3,18.1,2
2016-04-03,25.2,5.3,6.4,3.4,26,7.4,5.3,18.1,2
2016-04-04,25.2,5.3,6.4,3.4,26,7.4,5.3,18,2
2016-04-05,25.2,5.4,6.4,3.4,26,7.4,5.2,18,2
2016-04-06,25.2,5.4,6.5,3.4,26,7.4,5.2,18,2
2016-04-07,25.2,5.4,6.5,3.4,26.1,7.4,5.2,18,2
2016-04-08,25.2,5.4,6.5,3.4,26.1,7.5,5.2,17.9,2
2016-04-09,25.2,5.4,6.5,3.4,26.1,7.5,5.1,17.9,2
2016-04-10,25.2,5.4,6.5,3.4,26.1,7.5,5.1,17.9,2
2016-04-11,25.2,5.5,6.5,3.4,26.1,7.5,5.1,17.9,2.1
2016-04-12,25.2,5.5,6.5,3.4,26.1,7.5,5.1,17.9,2.1
2016-04-13,25.2,5.5,6.5,3.4,26.1,7.5,5.1,17.9,2.1
2016-04-14,25.2,5.5,6.5,3.4,26,7.5,5,17.9,2.1
2016-04-15,25.2,5.5,6.5,3.4,26,7.5,5,17.9,2.1
2016-04-16,25.2,5.5,6.5,3.4,26,7.5,5,17.9,2.1
2016-04-17,25.2,5.6,6.5,3.4,26,7.5,5,17.9,2
2016-04-18,25.2,5.6,6.5,3.4,26,7.5,5,17.9,2
2016-04-19,25.2,5.6,6.5,3.4,25.9,7.5,5,17.9,2
2016-04-20,25.2,5.6,6.5,3.4,25.9,7.6,4.9,17.9,2
2016-04-21,25.2,5.6,6.5,3.4,25.9,7.6,4.9,17.9,2
2016-04-22,25.2,5.6,6.5,3.4,25.9,7.6,4.9,17.9,2
2016-04-23,25.3,5.6,6.5,3.4,25.9,7.6,4.9,17.9,2
2016-04-24,25.3,5.6,6.5,3.4,25.9,7.6,4.8,17.9,2
2016-04-25,25.3,5.6,6.5,3.4,25.9,7.6,4.8,17.9,2
2016-04-26,25.3,5.6,6.5,3.4,25.9,7.6,4.8,17.9,2
2016-04-27,25.3,5.6,6.5,3.4,25.9,7.6,4.8,17.9,2
2016-04-28,25.3,5.6,6.5,3.4,25.9,7.6,4.8,17.9,2
2016-04-29,25.3,5.6,6.5,3.4,25.9,7.6,4.7,17.9,2
2016-04-30,25.3,5.6,6.5,3.5,25.9,7.6,4.7,17.9,2
2016-05-01,25.3,5.6,6.5,3.5,25.9,7.6,4.7,17.9,2
2016-05-02,25.3,5.6,6.5,3.5,25.9,7.6,4.7,17.9,2
2016-05-03,25.3,5.6,6.5,3.5,25.9,7.6,4.7,17.9,2
2016-05-04,25.3,5.6,6.5,3.5,25.9,7.6,4.7,18,2
2016-05-05,25.3,5.6,6.5,3.4,25.9,7.6,4.7,18,2
2016-05-06,25.3,5.6,6.5,3.4,25.9,7.6,4.7,18,2.1
2016-05-07,25.3,5.6,6.5,3.4,25.9,7.6,4.6,18,2.1
2016-05-08,25.3,5.5,6.5,3.4,25.9,7.6,4.6,18,2.1
2016-05-09,25.3,5.5,6.5,3.4,25.9,7.6,4.6,18,2.1
2016-05-10,25.3,5.5,6.5,3.4,25.9,7.6,4.6,18,2.1
2016-05-11,25.3,5.5,6.5,3.4,25.9,7.6,4.6,18,2.1
2016-05-12,25.3,5.5,6.5,3.4,25.9,7.6,4.6,18,2.1
2016-05-13,25.3,5.5,6.5,3.5,25.9,7.6,4.6,18.1,2.1
2016-05-14,25.3,5.5,6.5,3.5,25.9,7.6,4.5,18,2.1
2016-05-15,25.3,5.5,6.5,3.5,25.9,7.6,4.5,18,2.2
2016-05-16,25.3,5.5,6.6,3.5,25.9,7.6,4.5,18,2.2
2016-05-17,25.3,5.5,6.6,3.5,25.9,7.6,4.5,18,2.2
2016-05-18,25.3,5.5,6.6,3.5,25.9,7.6,4.4,18,2.2
2016-05-19,25.3,5.5,6.6,3.5,25.9,7.6,4.4,18.1,2.2
2016-05-20,25.3,5.5,6.6,3.5,25.9,7.6,4.4,18.1,2.2
2016-05-21,25.3,5.4,6.6,3.5,25.9,7.6,4.4,18.1,2.2
2016-05-22,25.3,5.4,6.6,3.5,25.9,7.6,4.4,18.1,2.2
2016-05-23,25.3,5.4,6.6,3.5,26,7.6,4.4,18.1,2.2
2016-05-24,25.2,5.4,6.6,3.4,26,7.6,4.4,18.1,2.2
2016-05-25,25.2,5.3,6.7,3.4,26,7.6,4.4,18.1,2.2
2016-05-26,25.2,5.3,6.7,3.4,26,7.6,4.4,18.1,2.2
2016-05-27,25.2,5.3,6.7,3.4,26,7.6,4.4,18.1,2.2
2016-05-28,25.2,5.3,6.7,3.4,26,7.6,4.4,18.1,2.2
2016-05-29,25.2,5.3,6.7,3.4,26,7.6,4.3,18.1,2.2
2016-05-30,25.2,5.3,6.7,3.4,26,7.6,4.3,18.1,2.2
2016-05-31,25.2,5.3,6.7,3.4,26,7.6,4.3,18.1,2.2
2016-06-01,25.2,5.3,6.8,3.4,26,7.6,4.3,18.2,2.2
2016-06-02,25.2,5.2,6.8,3.4,26,7.6,4.3,18.2,2.2
2016-06-03,25.2,5.2,6.8,3.4,26,7.6,4.3,18.2,2.2
2016-06-04,25.2,5.2,6.8,3.4,26,7.6,4.3,18.2,2.2
2016-06-05,25.2,5.2,6.9,3.4,26,7.6,4.3,18.2,2.2
2016-06-06,25.1,5.2,6.9,3.4,26,7.6,4.3,18.1,2.2
2016-06-07,25.1,5.2,6.9,3.4,26,7.6,4.3,18.2,2.2
2016-06-08,25.1,5.2,6.9,3.4,26,7.6,4.3,18.2,2.3
2016-06-09,25.1,5.2,7,3.3,26,7.6,4.3,18.2,2.3
2016-06-10,25.1,5.1,7,3.3,26,7.6,4.3,18.2,2.3
2016-06-11,25.1,5.1,7,3.3,26,7.6,4.3,18.2,2.3
2016-06-12,25.1,5.1,7,3.3,26,7.6,4.3,18.2,2.3
2016-06-13,25.1,5.1,7.1,3.3,25.9,7.6,4.3,18.2,2.3
2016-06-14,25.1,5.1,7.1,3.3,25.9,7.6,4.3,18.2,2.4
2016-06-15,25.1,5.1,7.1,3.3,25.9,7.6,4.3,18.2,2.4
2016-06-16,25.1,5,7.1,3.3,25.9,7.6,4.3,18.1,2.4
2016-06-17,25.1,5,7.1,3.3,25.9,7.6,4.3,18.1,2.4
2016-06-18,25.1,5,7.1,3.3,25.9,7.6,4.3,18.1,2.4
2016-06-19,25,5,7.2,3.3,25.9,7.6,4.3,18.1,2.4
2016-06-20,25,5,7.2,3.3,25.9,7.6,4.3,18.1,2.4
2016-06-21,25,5,7.2,3.3,25.9,7.6,4.3,18.1,2.4
2016-06-22,25,5,7.2,3.3,26,7.6,4.2,18.1,2.4
2016-06-23,25,5.1,7.3,3.3,26,7.6,4.2,18,2.4
2016-06-24,24.9,5.1,7.3,3.3,26,7.7,4.2,18,2.4
2016-06-25,24.9,5.1,7.3,3.3,26,7.7,4.2,18,2.4
2016-06-26,25,5.1,7.3,3.3,26,7.7,4.2,18,2.4
2016-06-27,25,5.2,7.3,3.3,25.9,7.7,4.2,17.9,2.4
2016-06-28,25.1,5.2,7.3,3.4,25.9,7.8,4.2,17.9,2.4
2016-06-29,25.1,5.2,7.3,3.3,25.8,7.8,4.1,17.8,2.4
2016-06-30,25.1,5.2,7.3,3.4,25.8,7.8,4.1,17.8,2.4
2016-07-01,25.1,5.2,7.4,3.4,25.8,7.9,4.1,17.8,2.4
2016-07-02,25.1,5.3,7.4,3.4,25.8,7.9,4.1,17.8,2.3
2016-07-03,25.1,5.2,7.4,3.4,25.9,7.8,4.2,17.8,2.3
2016-07-04,25.1,5.1,7.4,3.4,26,7.7,4.2,17.8,2.3
2016-07-05,25.1,5.1,7.4,3.3,26,7.7,4.2,17.8,2.3
2016-07-06,25.1,5.1,7.4,3.4,26,7.7,4.2,17.8,2.3
2016-07-07,25.1,5.1,7.4,3.4,26,7.7,4.2,17.8,2.3
2016-07-08,25.1,5.1,7.4,3.4,26.1,7.7,4.2,17.7,2.3
2016-07-09,25.1,5.1,7.4,3.4,26.1,7.7,4.2,17.7,2.3
2016-07-10,25.1,5,7.4,3.4,26.1,7.7,4.2,17.7,2.3
2016-07-11,25.1,5,7.4,3.4,26.1,7.6,4.2,17.7,2.3
2016-07-12,25.1,5,7.4,3.4,26.1,7.7,4.2,17.7,2.4
2016-07-13,25.2,5,7.4,3.4,26.1,7.7,4.2,17.7,2.4
2016-07-14,25.2,5,7.4,3.4,26.2,7.7,4.2,17.7,2.4
2016-07-15,25.2,4.9,7.5,3.4,26.2,7.7,4.1,17.7,2.4
2016-07-16,25.2,4.9,7.5,3.4,26.2,7.7,4.1,17.7,2.4
2016-07-17,25.2,4.9,7.5,3.4,26.2,7.7,4.1,17.7,2.4
2016-07-18,25.2,4.9,7.5,3.3,26.1,7.7,4.1,17.8,2.4
2016-07-19,25.1,5,7.5,3.3,26.1,7.7,4.2,17.8,2.3
2016-07-20,25.1,5,7.5,3.3,26.1,7.8,4.2,17.8,2.3
2016-07-21,25,5.1,7.5,3.3,26.1,7.8,4.2,17.8,2.3
2016-07-22,24.9,5.1,7.6,3.3,26.1,7.8,4.2,17.8,2.3
2016-07-23,24.9,5.1,7.6,3.4,26.1,7.8,4.2,17.8,2.3
2016-07-24,24.9,5.1,7.6,3.4,26,7.8,4.2,17.7,2.3
2016-07-25,24.8,5.2,7.7,3.4,26,7.8,4.2,17.7,2.2
2016-07-26,24.8,5.2,7.7,3.4,26,7.8,4.2,17.7,2.2
2016-07-27,24.8,5.2,7.7,3.4,26,7.8,4.2,17.7,2.2
2016-07-28,24.8,5.2,7.7,3.4,26,7.8,4.2,17.7,2.2
2016-07-29,24.8,5.1,7.7,3.4,26.1,7.8,4.2,17.7,2.2
2016-07-30,24.8,5.1,7.7,3.4,26.1,7.8,4.2,17.7,2.3
2016-07-31,24.9,5.1,7.7,3.4,26.1,7.8,4.2,17.6,2.3
2016-08-01,24.9,5.1,7.7,3.4,26.1,7.8,4.1,17.6,2.3
2016-08-02,25,5,7.7,3.4,26.2,7.8,4.1,17.5,2.3
2016-08-03,25.1,5,7.8,3.4,26.2,7.8,4,17.5,2.3
2016-08-04,25.4,4.9,7.8,3.4,26.3,7.7,3.9,17.3,2.4
2016-08-05,25.3,4.9,7.8,3.4,26.3,7.8,3.9,17.3,2.4
2016-08-06,25.3,4.9,7.8,3.4,26.3,7.8,3.9,17.4,2.4
2016-08-07,25.3,4.9,7.8,3.4,26.3,7.8,4,17.4,2.3
2016-08-08,25.2,4.9,7.7,3.4,26.3,7.8,4,17.4,2.3
2016-08-09,25.2,4.9,7.7,3.4,26.3,7.8,4,17.5,2.3
2016-08-10,25.1,4.8,7.7,3.4,26.3,7.8,4,17.5,2.3
2016-08-11,25.1,4.8,7.7,3.4,26.4,7.9,4,17.5,2.3
2016-08-12,25.1,4.8,7.7,3.4,26.4,7.9,4,17.6,2.3
2016-08-13,25,4.8,7.7,3.4,26.4,7.9,4,17.6,2.3
2016-08-14,25,4.8,7.7,3.4,26.4,7.9,4.1,17.7,2.3
2016-08-15,24.9,4.8,7.7,3.4,26.4,7.9,4.1,17.7,2.3
2016-08-16,24.9,4.8,7.7,3.4,26.4,7.9,4.1,17.8,2.3
2016-08-17,24.9,4.8,7.7,3.4,26.4,7.9,4.1,17.8,2.3
2016-08-18,24.8,4.8,7.6,3.4,26.4,7.9,4.1,17.8,2.3
2016-08-19,24.8,4.8,7.6,3.4,26.4,7.9,4.1,17.9,2.3
2016-08-20,24.8,4.8,7.6,3.3,26.4,7.9,4.2,17.9,2.3
2016-08-21,24.7,4.8,7.6,3.3,26.4,7.9,4.2,17.9,2.3
2016-08-22,24.7,4.8,7.6,3.3,26.4,7.8,4.2,17.9,2.3
2016-08-23,24.7,4.8,7.6,3.3,26.4,7.8,4.2,18,2.3
2016-08-24,24.7,4.8,7.6,3.3,26.4,7.8,4.2,18,2.3
2016-08-25,24.6,4.8,7.6,3.3,26.4,7.8,4.2,18,2.3
2016-08-26,24.6,4.8,7.6,3.3,26.4,7.8,4.2,18,2.3
2016-08-27,24.6,4.8,7.6,3.3,26.4,7.8,4.2,18.1,2.3
2016-08-28,24.6,4.8,7.6,3.3,26.4,7.8,4.3,18.1,2.3
2016-08-29,24.5,4.8,7.6,3.3,26.4,7.8,4.3,18.1,2.3
2016-08-30,24.5,4.8,7.6,3.3,26.4,7.8,4.3,18.1,2.3
2016-08-31,24.4,4.9,7.6,3.3,26.4,7.8,4.3,18.1,2.3
2016-09-01,24.4,4.9,7.6,3.3,26.4,7.8,4.3,18.2,2.3
2016-09-02,24.4,4.9,7.7,3.3,26.5,7.7,4.3,18.2,2.3
2016-09-03,24.3,4.9,7.7,3.3,26.5,7.7,4.3,18.2,2.3
2016-09-04,24.3,4.9,7.7,3.3,26.5,7.7,4.3,18.2,2.3
2016-09-05,24.3,4.9,7.7,3.3,26.5,7.7,4.3,18.2,2.3
2016-09-06,24.2,4.9,7.7,3.3,26.5,7.7,4.3,18.3,2.3
2016-09-07,24.2,4.9,7.7,3.3,26.5,7.7,4.3,18.3,2.3
2016-09-08,24.2,4.9,7.7,3.3,26.4,7.7,4.3,18.3,2.3
2016-09-09,24.1,4.9,7.7,3.3,26.4,7.7,4.3,18.3,2.3
2016-09-10,24.1,5,7.7,3.3,26.4,7.7,4.3,18.4,2.3
2016-09-11,24.1,5,7.7,3.3,26.4,7.7,4.3,18.4,2.3
2016-09-12,24,5,7.8,3.3,26.4,7.7,4.3,18.4,2.3
2016-09-13,24,5,7.8,3.3,26.4,7.7,4.3,18.4,2.3
2016-09-14,24,5,7.8,3.3,26.3,7.7,4.3,18.5,2.3
2016-09-15,24,5,7.7,3.3,26.3,7.7,4.4,18.5,2.3
2016-09-16,23.9,5,7.7,3.3,26.3,7.7,4.4,18.5,2.2
2016-09-17,23.9,5,7.7,3.2,26.3,7.7,4.4,18.5,2.2
2016-09-18,23.9,5,7.7,3.2,26.3,7.7,4.4,18.5,2.2
2016-09-19,23.9,5.1,7.7,3.2,26.3,7.7,4.4,18.5,2.2
2016-09-20,23.9,5.1,7.7,3.2,26.3,7.7,4.4,18.6,2.2
2016-09-21,23.8,5.1,7.7,3.2,26.3,7.7,4.4,18.6,2.2
2016-09-22,23.8,5.1,7.7,3.2,26.3,7.7,4.4,18.6,2.2
2016-09-23,23.8,5.1,7.8,3.2,26.3,7.7,4.4,18.6,2.2
2016-09-24,23.7,5.2,7.8,3.2,26.2,7.7,4.4,18.6,2.2
2016-09-25,23.7,5.2,7.8,3.2,26.2,7.7,4.4,18.6,2.2
2016-09-26,23.7,5.2,7.8,3.2,26.3,7.7,4.4,18.6,2.2
2016-09-27,23.7,5.2,7.8,3.2,26.3,7.7,4.4,18.6,2.2
2016-09-28,23.6,5.2,7.8,3.2,26.3,7.7,4.4,18.6,2.2
2016-09-29,23.6,5.3,7.8,3.2,26.3,7.7,4.4,18.6,2.2
2016-09-30,23.6,5.3,7.8,3.2,26.3,7.7,4.4,18.6,2.2
2016-10-01,23.6,5.3,7.8,3.2,26.3,7.7,4.4,18.6,2.2
2016-10-02,23.6,5.3,7.8,3.2,26.3,7.7,4.4,18.6,2.2
2016-10-03,23.5,5.3,7.8,3.1,26.3,7.7,4.4,18.6,2.2
2016-10-04,23.5,5.3,7.8,3.1,26.3,7.7,4.4,18.6,2.2
2016-10-05,23.5,5.3,7.8,3.1,26.3,7.7,4.4,18.6,2.2
2016-10-06,23.5,5.3,7.9,3.1,26.3,7.7,4.4,18.6,2.2
2016-10-07,23.5,5.4,7.9,3.1,26.3,7.7,4.4,18.6,2.2
2016-10-08,23.4,5.4,7.9,3.1,26.3,7.7,4.4,18.6,2.2
2016-10-09,23.4,5.4,7.9,3.1,26.3,7.7,4.4,18.6,2.2
2016-10-10,23.4,5.4,7.9,3.1,26.3,7.7,4.4,18.6,2.2
2016-10-11,23.4,5.4,7.9,3.1,26.3,7.7,4.4,18.6,2.2
2016-10-12,23.3,5.4,7.9,3.1,26.3,7.7,4.4,18.6,2.2
2016-10-13,23.3,5.4,7.9,3.1,26.3,7.7,4.4,18.6,2.2
2016-10-14,23.3,5.4,7.9,3.1,26.3,7.7,4.4,18.6,2.2
2016-10-15,23.3,5.4,7.9,3.1,26.3,7.7,4.4,18.6,2.2
2016-10-16,23.3,5.4,7.9,3.1,26.3,7.7,4.4,18.6,2.2
2016-10-17,23.2,5.4,7.9,3.1,26.3,7.7,4.4,18.6,2.2
2016-10-18,23.2,5.5,8,3.1,26.3,7.7,4.4,18.6,2.3
2016-10-19,23.2,5.5,8,3.1,26.3,7.7,4.4,18.6,2.3
2016-10-20,23.1,5.5,8,3.1,26.3,7.7,4.4,18.6,2.3
2016-10-21,23.1,5.5,8,3.1,26.3,7.7,4.4,18.6,2.3
2016-10-22,23.1,5.5,8,3.1,26.3,7.7,4.4,18.6,2.3
2016-10-23,23,5.5,8,3.1,26.3,7.7,4.4,18.6,2.3
2016-10-24,23,5.5,8,3.1,26.3,7.7,4.4,18.6,2.3
2016-10-25,23,5.5,8,3.1,26.3,7.7,4.4,18.6,2.3
2016-10-26,23,5.5,8,3.1,26.3,7.8,4.4,18.6,2.3
2016-10-27,23,5.5,8,3.1,26.3,7.8,4.4,18.6,2.3
2016-10-28,23,5.5,8,3.1,26.3,7.8,4.4,18.6,2.3
2016-10-29,23,5.5,8,3.1,26.3,7.8,4.4,18.6,2.3
2016-10-30,23,5.5,8,3.1,26.3,7.8,4.4,18.6,2.3
2016-10-31,22.9,5.5,8,3.1,26.3,7.8,4.4,18.6,2.3
2016-11-01,22.9,5.5,8,3.1,26.3,7.8,4.4,18.6,2.3
2016-11-02,22.9,5.5,8,3.1,26.3,7.8,4.4,18.6,2.3
2016-11-03,22.9,5.5,8.1,3.1,26.3,7.8,4.4,18.6,2.3
2016-11-04,22.9,5.5,8.1,3.1,26.3,7.8,4.4,18.6,2.3
2016-11-05,22.8,5.5,8.1,3.1,26.3,7.8,4.4,18.6,2.3
2016-11-06,22.8,5.5,8.1,3.1,26.3,7.8,4.5,18.6,2.2
2016-11-07,22.8,5.5,8.1,3.1,26.3,7.8,4.5,18.6,2.2
2016-11-08,22.8,5.5,8.2,3.1,26.3,7.8,4.5,18.5,2.2
2016-11-09,22.7,5.5,8.2,3.1,26.4,7.8,4.5,18.5,2.2
2016-11-10,22.7,5.5,8.2,3.1,26.4,7.8,4.5,18.5,2.2
2016-11-11,22.7,5.6,8.2,3.1,26.4,7.8,4.5,18.5,2.2
2016-11-12,22.6,5.6,8.2,3.1,26.4,7.8,4.5,18.5,2.2
2016-11-13,22.6,5.6,8.2,3.1,26.5,7.8,4.5,18.4,2.2
2016-11-14,22.6,5.6,8.3,3.1,26.5,7.8,4.5,18.4,2.1
2016-11-15,22.5,5.6,8.3,3.1,26.5,7.8,4.5,18.4,2.1
2016-11-16,22.5,5.6,8.3,3.1,26.5,7.8,4.5,18.4,2.1
2016-11-17,22.4,5.6,8.4,3.1,26.6,7.8,4.5,18.4,2.1
2016-11-18,22.4,5.6,8.4,3.2,26.6,7.8,4.5,18.3,2.1
2016-11-19,22.4,5.5,8.4,3.2,26.6,7.8,4.5,18.3,2.1
2016-11-20,22.4,5.5,8.4,3.2,26.6,7.8,4.5,18.3,2.2
2016-11-21,22.3,5.5,8.4,3.2,26.6,7.8,4.5,18.3,2.2
2016-11-22,22.3,5.5,8.4,3.2,26.7,7.8,4.5,18.3,2.2
2016-11-23,22.3,5.5,8.5,3.2,26.7,7.8,4.5,18.3,2.2
2016-11-24,22.2,5.5,8.5,3.2,26.7,7.7,4.5,18.3,2.1
2016-11-25,22.2,5.5,8.5,3.2,26.7,7.7,4.5,18.3,2.1
2016-11-26,22.2,5.5,8.5,3.2,26.7,7.7,4.6,18.3,2.1
2016-11-27,22.1,5.5,8.5,3.2,26.7,7.7,4.6,18.3,2.1
2016-11-28,22.1,5.5,8.6,3.2,26.7,7.7,4.6,18.3,2.1
2016-11-29,22.1,5.6,8.6,3.2,26.7,7.7,4.6,18.3,2.1
2016-11-30,22.1,5.6,8.6,3.2,26.7,7.7,4.6,18.2,2.1
2016-12-01,22,5.6,8.7,3.2,26.7,7.7,4.6,18.2,2
2016-12-02,22,5.6,8.7,3.2,26.7,7.7,4.6,18.2,2
2016-12-03,22,5.6,8.7,3.3,26.7,7.7,4.6,18.2,2
2016-12-04,21.9,5.6,8.8,3.3,26.7,7.7,4.6,18.2,2
2016-12-05,22,5.6,8.8,3.3,26.7,7.7,4.6,18.2,2
2016-12-06,22,5.6,8.8,3.3,26.7,7.7,4.6,18.2,2
2016-12-07,22,5.6,8.8,3.3,26.7,7.7,4.5,18.1,2
2016-12-08,22,5.6,8.9,3.3,26.7,7.7,4.5,18.1,2
2016-12-09,22,5.6,8.9,3.3,26.7,7.7,4.5,18.1,2
2016-12-10,22,5.6,8.9,3.3,26.7,7.7,4.5,18.1,2
2016-12-11,22,5.5,8.9,3.2,26.7,7.7,4.5,18.1,2
2016-12-12,22,5.5,8.9,3.2,26.7,7.7,4.5,18.1,2
2016-12-13,22,5.5,9,3.2,26.7,7.7,4.5,18.1,2
2016-12-14,22,5.5,9,3.2,26.7,7.7,4.5,18.1,2
2016-12-15,22,5.5,9,3.2,26.7,7.7,4.5,18.1,1.9
2016-12-16,22,5.5,9,3.2,26.7,7.7,4.5,18.1,1.9
2016-12-17,21.9,5.5,9,3.2,26.7,7.7,4.6,18.1,1.9
2016-12-18,21.9,5.5,9.1,3.2,26.7,7.7,4.6,18.1,1.9
2016-12-19,21.9,5.5,9.1,3.2,26.7,7.7,4.6,18.1,1.9
2016-12-20,21.9,5.5,9.1,3.2,26.7,7.7,4.6,18.1,1.9
2016-12-21,21.9,5.5,9.1,3.2,26.7,7.7,4.6,18.1,1.9
2016-12-22,21.8,5.5,9.1,3.2,26.7,7.7,4.6,18.1,1.9
2016-12-23,21.9,5.5,9.1,3.2,26.7,7.7,4.6,18.1,1.9
2016-12-24,21.8,5.5,9.2,3.2,26.6,7.7,4.6,18,1.9
2016-12-25,21.8,5.5,9.2,3.2,26.6,7.7,4.6,18,1.9
2016-12-26,21.8,5.5,9.2,3.2,26.6,7.7,4.6,18.1,1.9
2016-12-27,21.7,5.5,9.3,3.2,26.6,7.7,4.6,18.1,1.9
2016-12-28,21.7,5.5,9.3,3.2,26.6,7.7,4.6,18.1,1.9
2016-12-29,21.7,5.5,9.3,3.2,26.6,7.7,4.6,18.1,1.9
2016-12-30,21.6,5.5,9.4,3.2,26.6,7.7,4.6,18.1,1.9
2016-12-31,21.6,5.5,9.4,3.3,26.6,7.7,4.6,18.1,2
2017-01-01,21.6,5.5,9.4,3.3,26.6,7.7,4.5,18.1,2
2017-01-02,21.5,5.6,9.5,3.3,26.6,7.7,4.5,18.1,2
2017-01-03,21.4,5.6,9.5,3.3,26.6,7.8,4.5,18.1,2
2017-01-04,21.4,5.6,9.5,3.3,26.6,7.8,4.5,18.1,2
2017-01-05,21.3,5.6,9.6,3.3,26.6,7.8,4.5,18.1,2
2017-01-06,21.3,5.6,9.6,3.3,26.6,7.8,4.5,18.1,2
2017-01-07,21.2,5.6,9.6,3.3,26.6,7.8,4.5,18.1,2
2017-01-08,21.2,5.6,9.7,3.3,26.6,7.8,4.5,18.2,2
2017-01-09,21.1,5.6,9.7,3.3,26.6,7.8,4.5,18.2,2
2017-01-10,21.1,5.5,9.7,3.3,26.6,7.8,4.5,18.2,2
2017-01-11,21.1,5.5,9.8,3.3,26.6,7.8,4.5,18.2,2
2017-01-12,21.1,5.5,9.8,3.3,26.6,7.7,4.5,18.2,2
2017-01-13,21.1,5.5,9.8,3.3,26.6,7.7,4.5,18.2,2
2017-01-14,21.1,5.5,9.8,3.3,26.6,7.7,4.5,18.2,2
2017-01-15,21.1,5.5,9.9,3.3,26.6,7.7,4.5,18.3,2
2017-01-16,21.1,5.5,9.9,3.3,26.6,7.7,4.5,18.3,2
2017-01-17,21.1,5.5,9.9,3.3,26.5,7.7,4.5,18.3,2
2017-01-18,21.1,5.5,10,3.3,26.5,7.7,4.5,18.3,2
2017-01-19,21,5.5,10,3.3,26.5,7.7,4.5,18.3,2
2017-01-20,21,5.5,10.1,3.3,26.5,7.7,4.5,18.3,2
2017-01-21,20.9,5.5,10.1,3.3,26.5,7.7,4.5,18.3,2
2017-01-22,20.9,5.5,10.2,3.3,26.5,7.7,4.5,18.4,2
2017-01-23,20.8,5.5,10.2,3.3,26.5,7.7,4.5,18.4,2
2017-01-24,20.7,5.5,10.3,3.3,26.5,7.7,4.4,18.4,2
2017-01-25,20.6,5.5,10.3,3.3,26.5,7.7,4.4,18.4,2.1
2017-01-26,20.6,5.5,10.4,3.3,26.5,7.7,4.4,18.5,2.1
2017-01-27,20.5,5.5,10.5,3.3,26.5,7.7,4.4,18.5,2.1
2017-01-28,20.4,5.5,10.5,3.3,26.5,7.7,4.4,18.5,2.1
2017-01-29,20.3,5.5,10.6,3.3,26.5,7.7,4.4,18.6,2.1
2017-01-30,20.2,5.5,10.6,3.3,26.5,7.7,4.4,18.6,2.1
2017-01-31,20.1,5.5,10.7,3.3,26.6,7.6,4.4,18.6,2.1
2017-02-01,20,5.5,10.7,3.3,26.6,7.6,4.4,18.6,2.1
2017-02-02,19.9,5.5,10.8,3.3,26.6,7.6,4.4,18.7,2.1
2017-02-03,19.8,5.5,10.9,3.3,26.6,7.6,4.4,18.7,2.1
2017-02-04,19.7,5.5,10.9,3.3,26.6,7.6,4.4,18.7,2.1
2017-02-05,19.7,5.5,11,3.3,26.6,7.6,4.5,18.7,2.1
2017-02-06,19.6,5.5,11,3.3,26.6,7.6,4.5,18.8,2.1
2017-02-07,19.5,5.5,11.1,3.3,26.6,7.6,4.5,18.8,2
2017-02-08,19.4,5.5,11.1,3.3,26.6,7.6,4.4,18.8,2.1
2017-02-09,19.4,5.5,11.2,3.3,26.6,7.6,4.4,18.9,2.1
2017-02-10,19.3,5.5,11.2,3.3,26.6,7.6,4.4,18.9,2.1
2017-02-11,19.2,5.5,11.3,3.3,26.7,7.6,4.4,18.9,2.2
2017-02-12,19.2,5.5,11.3,3.3,26.7,7.6,4.4,18.9,2.2
2017-02-13,19.1,5.5,11.4,3.3,26.7,7.6,4.4,18.9,2.2
2017-02-14,19,5.5,11.5,3.3,26.7,7.6,4.4,19,2.2
2017-02-15,18.9,5.5,11.5,3.3,26.7,7.6,4.4,19,2.3
2017-02-16,18.8,5.5,11.6,3.3,26.7,7.6,4.4,19,2.3
2017-02-17,18.8,5.5,11.7,3.3,26.7,7.6,4.4,19,2.3
2017-02-18,18.7,5.5,11.8,3.3,26.7,7.6,4.4,19,2.3
2017-02-19,18.6,5.5,11.8,3.3,26.7,7.5,4.4,19.1,2.3
2017-02-20,18.5,5.5,11.9,3.3,26.7,7.5,4.4,19.1,2.3
2017-02-21,18.4,5.5,11.9,3.3,26.7,7.5,4.4,19.1,2.4
2017-02-22,18.4,5.5,12,3.3,26.8,7.5,4.4,19.1,2.4
2017-02-23,18.3,5.5,12,3.3,26.8,7.5,4.4,19.1,2.4
2017-02-24,18.3,5.5,12,3.3,26.8,7.5,4.4,19.2,2.4
2017-02-25,18.2,5.5,12.1,3.3,26.8,7.5,4.4,19.2,2.4
2017-02-26,18.2,5.5,12.1,3.3,26.8,7.5,4.4,19.2,2.4
2017-02-27,18.1,5.5,12.1,3.3,26.9,7.5,4.4,19.2,2.4
2017-02-28,18.1,5.5,12.1,3.3,26.9,7.5,4.4,19.2,2.4
2017-03-01,18,5.6,12.2,3.3,26.9,7.5,4.4,19.2,2.4
2017-03-02,18,5.6,12.2,3.2,26.9,7.5,4.4,19.2,2.4
2017-03-03,18,5.6,12.2,3.2,26.9,7.5,4.4,19.2,2.4
2017-03-04,17.9,5.6,12.3,3.2,26.9,7.5,4.4,19.2,2.4
2017-03-05,17.9,5.6,12.3,3.2,26.9,7.5,4.4,19.2,2.4
2017-03-06,17.9,5.5,12.3,3.2,26.9,7.5,4.4,19.2,2.4
2017-03-07,17.9,5.5,12.4,3.2,27,7.5,4.3,19.2,2.4
2017-03-08,17.8,5.5,12.4,3.2,27,7.5,4.3,19.2,2.4
2017-03-09,17.8,5.5,12.4,3.2,27.1,7.5,4.3,19.2,2.3
2017-03-10,17.8,5.5,12.4,3.2,27.1,7.5,4.3,19.2,2.3
2017-03-11,17.7,5.5,12.4,3.2,27.1,7.5,4.3,19.3,2.3
2017-03-12,17.7,5.5,12.4,3.2,27.2,7.5,4.3,19.3,2.3
2017-03-13,17.6,5.5,12.4,3.2,27.2,7.5,4.2,19.3,2.3
2017-03-14,17.6,5.5,12.4,3.2,27.3,7.5,4.2,19.3,2.3
2017-03-15,17.5,5.5,12.5,3.2,27.3,7.5,4.2,19.3,2.3
2017-03-16,17.5,5.5,12.5,3.2,27.3,7.5,4.2,19.3,2.3
2017-03-17,17.4,5.5,12.5,3.3,27.4,7.5,4.2,19.3,2.3
2017-03-18,17.4,5.5,12.5,3.3,27.4,7.5,4.2,19.3,2.3
2017-03-19,17.3,5.5,12.5,3.3,27.4,7.5,4.1,19.3,2.3
2017-03-20,17.3,5.5,12.6,3.3,27.4,7.5,4.1,19.4,2.4
2017-03-21,17.2,5.5,12.6,3.3,27.4,7.5,4.1,19.4,2.4
2017-03-22,17.2,5.5,12.6,3.3,27.4,7.5,4.1,19.4,2.4
2017-03-23,17.2,5.5,12.6,3.3,27.5,7.5,4.1,19.4,2.4
2017-03-24,17.1,5.5,12.6,3.3,27.5,7.5,4.1,19.4,2.4
2017-03-25,17.1,5.5,12.6,3.3,27.5,7.5,4.1,19.4,2.4
2017-03-26,17.1,5.5,12.6,3.3,27.5,7.5,4.1,19.4,2.4
2017-03-27,17.1,5.5,12.6,3.3,27.6,7.5,4.1,19.4,2.4
2017-03-28,17.1,5.5,12.6,3.3,27.6,7.5,4.1,19.3,2.3
2017-03-29,17.1,5.5,12.6,3.3,27.6,7.5,4.1,19.3,2.3
2017-03-30,17.1,5.5,12.6,3.3,27.6,7.5,4.1,19.3,2.3
2017-03-31,17.1,5.5,12.6,3.3,27.6,7.4,4.1,19.3,2.3
2017-04-01,17.1,5.5,12.6,3.4,27.6,7.4,4.1,19.3,2.3
2017-04-02,17.1,5.5,12.6,3.4,27.7,7.4,4.1,19.3,2.3
2017-04-03,17.1,5.5,12.6,3.4,27.7,7.4,4,19.3,2.3
2017-04-04,17.1,5.5,12.6,3.4,27.7,7.4,4,19.3,2.3
2017-04-05,17.1,5.5,12.6,3.4,27.7,7.4,4,19.3,2.3
2017-04-06,17.1,5.5,12.6,3.4,27.7,7.4,4,19.3,2.3
2017-04-07,17.1,5.5,12.6,3.4,27.7,7.4,4,19.3,2.3
2017-04-08,17.1,5.5,12.5,3.4,27.8,7.4,4,19.3,2.3
2017-04-09,17.1,5.5,12.5,3.4,27.8,7.4,4,19.3,2.3
2017-04-10,17.1,5.5,12.5,3.4,27.8,7.4,4,19.3,2.3
2017-04-11,17,5.5,12.6,3.4,27.8,7.4,4,19.3,2.3
2017-04-12,17,5.5,12.6,3.4,27.8,7.4,4,19.2,2.3
2017-04-13,17,5.5,12.6,3.4,27.8,7.4,4,19.2,2.3
2017-04-14,17,5.5,12.6,3.4,27.8,7.5,3.9,19.2,2.3
2017-04-15,16.9,5.5,12.6,3.4,27.8,7.5,3.9,19.2,2.2
2017-04-16,16.9,5.5,12.6,3.4,27.9,7.5,3.9,19.2,2.2
2017-04-17,16.9,5.4,12.6,3.4,27.9,7.4,3.9,19.3,2.2
2017-04-18,16.9,5.4,12.5,3.5,27.9,7.4,3.9,19.3,2.1
2017-04-19,16.9,5.4,12.5,3.5,27.9,7.4,3.9,19.3,2.1
2017-04-20,16.9,5.4,12.5,3.5,27.9,7.4,3.9,19.3,2.1
2017-04-21,16.9,5.4,12.5,3.5,27.9,7.4,3.9,19.3,2.1
2017-04-22,16.9,5.4,12.5,3.5,27.9,7.4,3.9,19.3,2.1
2017-04-23,16.9,5.4,12.5,3.5,27.9,7.4,3.9,19.3,2.1
2017-04-24,16.9,5.4,12.5,3.5,27.9,7.4,3.9,19.3,2.1
2017-04-25,16.9,5.4,12.5,3.5,27.9,7.4,3.9,19.3,2.1
2017-04-26,16.9,5.4,12.5,3.4,27.9,7.4,3.9,19.3,2.1
2017-04-27,16.9,5.4,12.5,3.4,27.9,7.4,3.9,19.3,2.1
2017-04-28,16.9,5.4,12.5,3.4,27.9,7.4,3.9,19.3,2.1
2017-04-29,16.9,5.4,12.5,3.4,27.9,7.4,3.9,19.4,2.1
2017-04-30,16.9,5.4,12.5,3.4,27.9,7.5,3.9,19.4,2.1
2017-05-01,16.9,5.4,12.5,3.4,27.9,7.5,3.9,19.4,2.1
2017-05-02,17,5.4,12.5,3.4,27.8,7.5,3.9,19.4,2.1
2017-05-03,17,5.4,12.5,3.4,27.8,7.5,3.9,19.4,2.1
2017-05-04,17,5.4,12.5,3.4,27.8,7.5,3.9,19.4,2.1
2017-05-05,17,5.4,12.5,3.4,27.8,7.5,3.9,19.5,2.1
2017-05-06,17,5.4,12.5,3.4,27.8,7.5,3.9,19.5,2.1
2017-05-07,17,5.4,12.5,3.4,27.8,7.5,3.9,19.5,2.1
2017-05-08,17,5.4,12.5,3.4,27.8,7.5,3.9,19.5,2.1
2017-05-09,16.9,5.4,12.5,3.4,27.8,7.5,3.9,19.5,2.1
2017-05-10,16.9,5.4,12.5,3.4,27.8,7.5,3.9,19.5,2.1
2017-05-11,16.9,5.5,12.5,3.4,27.8,7.5,3.9,19.5,2.1
2017-05-12,16.9,5.5,12.5,3.4,27.7,7.5,3.9,19.5,2.1
2017-05-13,16.8,5.5,12.5,3.4,27.7,7.5,3.9,19.6,2.1
2017-05-14,16.8,5.5,12.5,3.4,27.7,7.5,3.9,19.6,2.1
2017-05-15,16.8,5.5,12.4,3.4,27.7,7.5,3.9,19.6,2.1
2017-05-16,16.8,5.5,12.4,3.4,27.7,7.6,3.9,19.6,2.1
2017-05-17,16.8,5.5,12.4,3.3,27.7,7.6,4,19.6,2.1
2017-05-18,16.8,5.5,12.4,3.3,27.6,7.6,4,19.6,2.1
2017-05-19,16.8,5.5,12.4,3.3,27.6,7.6,4,19.6,2.1
2017-05-20,16.8,5.5,12.4,3.3,27.6,7.6,4,19.6,2.1
2017-05-21,16.8,5.5,12.4,3.3,27.6,7.6,4,19.6,2.1
2017-05-22,16.7,5.5,12.4,3.3,27.6,7.6,4,19.6,2.1
2017-05-23,16.7,5.6,12.4,3.3,27.6,7.6,4,19.7,2.1
2017-05-24,16.7,5.6,12.4,3.3,27.6,7.6,4,19.7,2.1
2017-05-25,16.7,5.6,12.4,3.3,27.5,7.6,4,19.7,2.1
2017-05-26,16.7,5.6,12.4,3.3,27.5,7.6,4,19.7,2.1
2017-05-27,16.6,5.6,12.4,3.3,27.5,7.7,4,19.8,2.1
2017-05-28,16.6,5.6,12.4,3.3,27.5,7.7,4,19.8,2.1
2017-05-29,16.6,5.6,12.4,3.3,27.5,7.7,4,19.8,2.1
2017-05-30,16.6,5.6,12.4,3.3,27.5,7.7,4,19.8,2.1
2017-05-31,16.6,5.6,12.4,3.3,27.5,7.7,4,19.9,2.1
2017-06-01,16.5,5.6,12.3,3.2,27.4,7.7,4,19.9,2.1
2017-06-02,16.5,5.6,12.3,3.2,27.4,7.7,4,19.9,2.1
2017-06-03,16.5,5.6,12.3,3.2,27.4,7.7,4,20,2.1
2017-06-04,16.4,5.7,12.3,3.2,27.4,7.7,4,20,2.1
2017-06-05,16.4,5.7,12.3,3.2,27.3,7.7,4,20,2.1
2017-06-06,16.4,5.7,12.3,3.2,27.3,7.8,4,20.1,2.1
2017-06-07,16.3,5.7,12.3,3.2,27.3,7.8,4,20.1,2.1
2017-06-08,16.3,5.7,12.3,3.2,27.3,7.8,4,20.1,2.1
2017-06-09,16.3,5.7,12.3,3.2,27.3,7.8,4,20.2,2.1
2017-06-10,16.3,5.7,12.3,3.2,27.3,7.8,4,20.2,2.1
2017-06-11,16.3,5.7,12.3,3.2,27.3,7.8,4,20.2,2.1
2017-06-12,16.2,5.7,12.3,3.2,27.3,7.8,4,20.3,2.1
2017-06-13,16.2,5.7,12.2,3.2,27.2,7.8,4,20.3,2.1
2017-06-14,16.2,5.8,12.2,3.2,27.2,7.8,4.1,20.3,2.1
2017-06-15,16.2,5.8,12.2,3.2,27.2,7.8,4.1,20.3,2.1
2017-06-16,16.1,5.8,12.2,3.2,27.2,7.8,4.1,20.4,2.1
2017-06-17,16.1,5.8,12.2,3.2,27.2,7.8,4.1,20.4,2.1
2017-06-18,16.1,5.8,12.2,3.2,27.2,7.8,4.1,20.4,2.1
2017-06-19,16,5.8,12.2,3.2,27.1,7.8,4.1,20.4,2
2017-06-20,16,5.9,12.2,3.2,27.1,7.8,4.1,20.5,2
2017-06-21,15.9,5.9,12.2,3.2,27.1,7.8,4.1,20.5,2
2017-06-22,15.9,5.9,12.2,3.2,27.1,7.8,4.1,20.5,2
2017-06-23,15.8,5.9,12.2,3.2,27,7.8,4.1,20.5,2
2017-06-24,15.8,5.9,12.2,3.2,27,7.8,4.1,20.6,2
2017-06-25,15.8,6,12.2,3.2,27,7.8,4.1,20.6,2
2017-06-26,15.7,6,12.2,3.2,27,7.8,4.1,20.6,2
2017-06-27,15.7,6,12.2,3.2,26.9,7.8,4.1,20.7,2
2017-06-28,15.6,6,12.2,3.2,26.9,7.8,4.2,20.7,2
2017-06-29,15.6,6.1,12.2,3.2,26.9,7.8,4.2,20.7,2
2017-06-30,15.5,6.1,12.2,3.2,26.9,7.9,4.2,20.8,2
2017-07-01,15.5,6.1,12.2,3.2,26.8,7.9,4.2,20.8,2
2017-07-02,15.5,6.1,12.2,3.2,26.8,7.9,4.2,20.8,1.9
2017-07-03,15.4,6.1,12.2,3.2,26.8,7.9,4.2,20.8,1.9
2017-07-04,15.4,6.2,12.2,3.2,26.8,7.9,4.2,20.9,1.9
2017-07-05,15.3,6.2,12.2,3.2,26.7,7.9,4.2,20.9,1.9
2017-07-06,15.3,6.2,12.2,3.2,26.7,7.9,4.2,20.9,1.9
2017-07-07,15.3,6.2,12.2,3.2,26.7,7.9,4.2,21,1.9
2017-07-08,15.2,6.3,12.1,3.2,26.7,7.9,4.2,21,1.9
2017-07-09,15.2,6.3,12.1,3.3,26.6,7.9,4.2,21,1.9
2017-07-10,15.1,6.3,12.1,3.3,26.6,7.9,4.2,21,1.9
2017-07-11,15.1,6.3,12.1,3.3,26.6,7.9,4.2,21.1,1.9
2017-07-12,15.1,6.4,12.1,3.3,26.5,7.9,4.2,21.1,1.9
2017-07-13,15,6.4,12.1,3.3,26.5,7.9,4.2,21.1,1.9
2017-07-14,15,6.4,12.1,3.3,26.5,7.9,4.2,21.2,1.9
2017-07-15,14.9,6.4,12.1,3.3,26.5,7.9,4.3,21.2,1.8
2017-07-16,14.9,6.4,12.1,3.3,26.4,7.9,4.3,21.2,1.8
2017-07-17,14.9,6.5,12.1,3.3,26.4,7.9,4.3,21.2,1.8
2017-07-18,14.8,6.5,12.1,3.3,26.4,7.9,4.3,21.3,1.8
2017-07-19,14.8,6.5,12.1,3.3,26.4,7.9,4.3,21.3,1.8